0,Frostblade Scroll,175,123,1,1024,2,0,0,1,0,0,0,0,0,0,0,0,0,0,0,30,0,4,0,1,1,1,0,0,0,0,0,0,0,0,0,1,4,QViRCtA0ryqL/xDkUdi7xSPT4sqr7tUZuiFro83HW4Y=
1,Gauss Rifle,178,1500,0,101,32,0,0,0,0,0,0,0,0,0,0,0,76,69,0,0,0,0,0,25,25,0,0,0,0,7,0,3,10,0,0,6,0,G+XL84cfqvHd/T7NWlUj0RDumttBwqiSCJm9lU+fdsg=
2,Goblin Ring Half,200,9999,0,0,0,0,0,0,0,0,0,0,0,0,0,0,0,0,0,0,0,0,0,65536,65536,0,0,0,0,0,0,0,0,0,0,99,0,XCnBE4+XlscwlB0omst8w/o1xQDzp42afunX2gSBhTU=
3,Gold Horn,175,2500,0,0,0,0,0,0,0,0,0,0,0,0,0,0,0,0,0,65536,0,0,0,12,12,0,0,0,0,1,0,0,0,0,0,2,0,9j8BMtbX00Sj0tgkSjjel73aLTBhw4ZKSOSnP8yVh2I=
4,Gold Horn,175,2500,0,0,0,0,0,0,0,0,0,0,0,0,0,0,0,0,0,1,0,0,0,1,1,0,0,0,0,1,0,0,0,0,0,2,0,7dM4SwgdOV7qCC3CLdov1aZNc6tUUWHg+zR2nJEEyvo=
5,Gold Silk Pantaloons,180,125,0,0,0,0,0,0,0,0,0,0,0,0,0,0,0,0,0,0,0,0,0,1,1,0,0,0,0,2,0,0,0,0,0,3,0,6AgbC7oDuFJ8z7Go0kRoI+XO/G/M/lwQMEsfj3uEZe8=
6,Golden Apple,200,9999,0,0,0,0,0,0,0,0,0,0,0,0,0,0,0,0,0,0,0,0,0,1,1,0,0,0,0,0,0,0,0,0,0,99,0,fC2VMqXxhfSGyvWXdDb4iXO/aBnDKJ81CgJgGMR3Swg=
7,Golden Greaves,177,212,0,3,0,0,0,0,0,0,0,0,0,0,0,0,1,1,0,0,0,0,0,26,26,0,0,0,0,9,0,3,0,0,0,5,0,VHzFVfvD6INQmRLMNYbBNIF5NcBsTVlG6oK3CCARcUQ=
8,Green Cap with Feather,180,12,0,0,0,0,0,0,0,0,0,0,0,0,0,0,0,0,0,0,0,0,0,1,1,0,0,0,0,1,0,0,0,0,0,0,0,BwWzzjmc4Gy05tf1QpI8RWlO1aXDG/xStZa5e7seE8U=
9,Green Cotton Skirt,180,22,0,0,0,0,0,0,0,0,0,0,0,0,0,0,0,0,0,0,0,0,0,1,1,0,0,0,0,2,0,0,0,0,0,0,0,HQXYoxTL9M+zAaln45vHSB+ZPKvDh1+VoJkzFDX+i18=
10,Guild Ring,201,9999,0,0,0,0,0,0,0,0,0,0,0,0,0,0,0,0,0,0,0,0,0,65536,65536,0,0,0,0,0,0,0,0,0,0,99,0,UASDr14yEwZm1sJvzmgnAmCbL5ZPDEmAxMJnFPORlOk=
11,Healing Wand,175,267,0,0,0,0,0,0,0,0,0,0,0,0,0,0,0,0,0,0,0,0,0,1,1,2,0,0,0,1,0,0,0,0,0,1,0,c+Qoq/+tn5pJnzUPs2xziii/OgghwveOu6SokinXN78=
12,Heavy Leather Jacket,180,82,0,3,0,0,0,0,0,0,0,0,0,0,0,0,1,1,0,0,0,0,0,1,1,0,0,0,0,20,0,0,0,0,0,0,0,OA63B07U8cdIAq7Zfbr2DrlnXVYThANKsBICHdLSOv8=
13,Helm Of Light,177,450,1,3,8,0,0,0,0,0,0,0,0,0,0,0,1,1,0,1,0,65536,0,50,50,4,0,0,0,5,0,0,0,0,0,99,3,/BBo4clNyLoPrjanQerB68PBkg2oBkf613vkY5x7ZHU=
14,Ace Of Cups Card,175,350,0,0,0,0,0,0,0,0,0,0,0,0,0,0,0,0,0,0,0,0,0,1,1,1,0,0,0,0,0,0,0,0,0,2,0,CqqISfZw1W3LF6RwPhhdTlW3br6qwkIMqCsBcgAFYmI=
15,Ace Of Pentacles Card,175,350,2,0,0,0,0,0,0,0,0,0,0,0,0,0,0,0,0,0,0,0,0,1,12,1,0,0,0,0,0,0,0,0,0,3,0,wueWBKNE1mHw8HcXcdr9AnyrODW/yBkolvEJotBpRWY=
16,Ace Of Wands Card,175,350,0,0,0,0,0,0,0,0,0,0,0,0,0,0,0,0,0,0,0,0,0,1,5,1,0,0,0,0,0,0,0,0,0,2,0,3rRRQoR5n6ARjpEJCPHOK0vG2fIpXaMVMVFK/1ANPRg=
17,Amber Eye,175,450,1,0,0,0,0,0,0,0,0,0,0,0,0,0,0,0,0,56,25,0,0,12,1,3,0,0,0,0,0,0,30,0,0,2,2,/S+R1G0p86JA/wOgiUI2A7Vd3PwNvF08WK+4S2poW3o=
18,Amethyst Rod,200,9999,0,0,0,0,0,0,0,0,0,0,0,0,0,0,0,0,0,0,0,0,0,65536,65536,0,0,0,0,0,0,0,0,0,0,99,0,GO8LUub+ntO+H26lg2xjGbY/xAEZ3BP6/bQI4W41pgU=
19,Banded Breastplate,177,127,0,3,0,0,0,0,0,0,0,0,0,0,0,0,1,1,0,0,0,0,0,32,32,0,0,0,0,54,0,1,0,0,0,3,0,YK9Sf2vUjGzBGTBm4E7TLBTy7UNE101rNrokWqN/JhY=
20,Banded Gauntlets,177,127,0,3,0,0,0,0,0,0,0,0,0,0,0,0,1,1,0,0,0,0,0,32,32,0,0,0,0,9,0,2,0,0,0,3,0,Xtwj9n+Sl70D8KbHyq+1DTKDEPXw9sBEeac90jZW4YE=
21,Banded Greaves,177,127,0,3,0,0,0,0,0,0,0,0,0,0,0,0,1,1,0,0,0,0,0,32,32,0,0,0,0,18,0,1,0,0,0,3,0,lXS+aTB9Cy92LzSyrRjwGrn8aNxxZ99+O3Y+QsYe6ZQ=
22,Banded Helmet,177,127,0,3,0,0,0,0,0,0,0,0,0,0,0,0,1,1,0,0,0,0,0,32,32,0,0,0,0,9,0,0,0,0,0,3,0,4MCy1SJynMe9HP32fACy3GOTLqJr602Xr8l04pXZydc=
23,Bare Hands,178,0,0,1,0,0,0,0,0,0,0,0,0,0,0,0,0,1,0,0,0,0,0,65536,65536,0,0,0,0,0,0,0,0,0,0,99,0,uC8R7gsuvy7kvVjVpSeWD7f6KD1cFPBik5XOmvbxJ0U=
24,Battle Axe,178,77,0,48,0,0,0,0,0,0,0,0,0,0,0,0,27,15,0,0,0,0,0,25,25,0,0,0,1,7,0,2,255,0,0,0,0,0wJ4ictdfoSdVDPlk5QZmm0M1ytKMNFeqjGYh+2D1sE=
25,Battle Hammer,178,77,0,10,0,0,0,0,0,0,0,0,0,0,0,0,0,15,0,0,0,0,0,25,25,0,0,0,1,8,0,2,255,0,0,1,0,28fV91+0TJz3Ln/mmwNjFqv37o5/JeKOjKVXXSDfvx4=
26,Beam Weapon,178,8500,0,2976,0,0,0,0,0,0,0,78,0,26,0,0,0,0,0,0,0,0,0,12,12,0,0,0,0,6,0,3,10,0,0,6,0,DlNY4ZEkRIwKyDCSW3sc+D/Rrj+MsPhqLOR//ygmpjI=
27,Black Cotton Partlet,180,26,0,0,0,0,0,0,0,0,0,0,0,0,0,0,0,0,0,0,0,0,0,1,1,0,0,0,0,2,0,0,0,0,0,0,0,SEVub0Fzxetz9J2BTLkvjVvUAKaaUvCwnzmOJjp6qZQ=
28,Black Silk Kimono,180,85,0,0,0,0,0,0,0,0,0,0,0,0,0,0,0,0,0,0,0,0,0,1,1,0,0,0,0,1,0,0,0,0,0,2,0,wvDn26znG+tVcRycogp5ip92/Z37PKXaM4UiLIYU86k=
29,Black Woolen Breeches,180,22,0,0,0,0,0,0,0,0,0,0,0,0,0,0,0,0,0,0,0,0,0,1,1,0,0,0,0,3,0,0,0,0,0,1,0,SEiB7fKH5wp1dEH3CHLddHKBXtLGhlTo/DqTy8rUDAM=
30,Blue Pearl Dagger,178,378,0,20,0,0,0,0,0,0,0,0,0,0,0,0,26,0,0,0,0,0,0,12,12,0,0,0,0,4,0,1,255,0,0,4,0,JLbD8q0jhXwz44hQqSut5PfBBnLcthgwG6h3uPIcfQU=
31,Blue Suede Shoes,180,92,0,0,0,0,0,0,0,0,0,0,0,0,0,0,0,0,0,0,0,0,0,1,1,0,0,0,0,1,0,0,0,0,0,3,0,Sk0nqbaVumxW8wguT8nMeQnbOIQ4VJpL9W7IfnKtHk0=
32,Blue Woolen Sweater,180,62,0,0,0,0,0,0,0,0,0,0,0,0,0,0,0,0,0,0,0,0,0,1,1,0,0,0,0,2,0,0,0,0,0,0,0,cpwJ6ZajBNv+ZPhWFwzt8uto8+CIE39dQxSUFbzBDD8=
33,Bronze Bracers,177,275,0,3,0,0,0,0,0,0,0,0,0,0,0,0,1,1,0,0,0,0,0,45,45,0,0,0,0,7,0,0,0,0,0,4,0,BtylweTw0FHHwI6gsDt8QJASh0fiE2uYLkJNPQYgDFs=
34,Bronze Breastplate,177,275,0,3,0,0,0,0,0,0,0,0,0,0,0,0,1,1,0,0,0,0,0,12,12,0,0,0,0,8,0,1,0,0,0,4,0,aDQEGpmc2e+TL8oXEMkrxoV7s/TfDzMVhciK1Eb7+cU=
35,Bronze Horn,175,2500,2,0,0,0,0,0,0,0,0,0,0,0,0,0,0,0,0,5,0,0,0,5,12,0,0,0,0,1,0,0,0,0,0,2,0,piM/Mb+vEJ4TKzcY7i4qS/xquYH7Gy1gmc4H5cY3MGc=
36,Brown Cotton Breeches,180,32,0,0,0,0,0,0,0,0,0,0,0,0,0,0,0,0,0,0,0,0,0,1,1,0,0,0,0,3,0,0,0,0,0,0,0,v6m14iGG1t/aaFYB/8SZ868Uvno0ukqkRq49m2llIJ8=
37,Chainmail Coat,177,250,0,3,0,0,0,0,0,0,0,0,0,0,0,0,1,1,0,0,0,0,0,54,54,0,0,0,0,12,0,1,0,0,0,1,0,DUluUjxqU4BjbMrz3RUK+biTS9k0QQYo9L636YSKi/0=
38,Chainmail Hood,177,225,0,3,0,0,0,0,0,0,0,0,0,0,0,0,1,1,0,0,0,0,0,54,54,0,0,0,0,8,0,0,0,0,0,1,0,r7F15DhHhnpt4lmprd5M5r8eLG6LjnFSrYssP/QxKT4=
39,Chainmail Leggings,177,235,0,3,0,0,0,0,0,0,0,0,0,0,0,0,1,1,0,0,0,0,0,54,54,0,0,0,0,10,0,3,0,0,0,1,0,Ay4ygMvzuQbclUKHQz7aTfjaCahxpj8JBbqAzTDigJg=
40,Chaos Club,178,49,0,8200,0,0,0,0,16,0,0,0,0,0,0,0,0,16,0,0,0,0,0,12,12,0,0,0,0,7,0,1,255,0,0,3,0,N6pEHpj/r991dg7Xjbj/L8A5sW8yWHR6FsfJbTyo4eQ=
41,Cheap Black Jerkin,180,15,0,0,0,0,0,0,0,0,0,0,0,0,0,0,0,0,0,0,0,0,0,1,1,0,0,0,0,3,0,0,0,0,0,0,0,dh9LUifD5YL58mhBA6L9bvqKeRaeNHvhjsElu+luSsg=
42,Cheap Gold Wool Toga,180,75,0,0,0,0,0,0,0,0,0,0,0,0,0,0,0,0,0,0,0,0,0,1,1,0,0,0,0,4,0,0,0,0,0,2,0,LlgUF7l18AsTfyPJTfh9nvIfHdJnO+y4Z/n+rfbHI94=
43,Cheap Gray Silk Hat,180,38,0,0,0,0,0,0,0,0,0,0,0,0,0,0,0,0,0,0,0,0,0,1,1,0,0,0,0,1,0,0,0,0,0,2,0,BEmnL8SgcvnQKaZvrDYWHy2W6Ze67iPcBTna/7lYxEg=
44,Cheap Robe,180,20,0,0,0,0,0,0,0,0,0,0,0,0,0,0,0,0,0,0,0,0,0,1,1,0,0,0,0,2,0,0,0,0,0,0,0,YXEd3Vz+zwvajKcYi00ufZHHBsxoEYfm3nYmDECOYTA=
45,Cloak Of Levitation,180,600,0,3,64,0,0,0,0,0,0,0,0,0,0,0,1,1,0,0,0,0,0,1,1,4,0,0,0,3,0,0,0,0,0,6,0,JtDmOCdCDzGGFvcY0VTjiklXkiZi4/1/53vZbbbw/so=
46,Clout Scroll,175,650,0,1,0,0,0,0,0,0,0,0,0,0,0,0,0,1,0,0,0,0,0,1,1,1,0,0,0,0,0,0,0,0,0,3,2,6+e0RX9waOWQ6PX/Evq/2wA33B4EWikrXfHCUZ+ZkUE=
47,Cold Wand,175,700,108,1024,0,0,0,1,0,0,0,0,0,0,0,0,0,0,35,0,0,0,0,12,12,2,0,0,0,0,0,0,0,0,0,2,0,GAKjRqe933l2EU1Jh/jox2lxdXNv9HYVvT+XhdTcPKI=
48,Crossbow,178,99,0,18,0,0,0,0,0,0,0,0,0,0,0,0,17,0,0,0,0,0,0,25,25,0,0,0,0,7,0,3,10,0,0,5,0,upswSwlmIitsK005hcu1qein04JeTDgeSkwVh3ijcxQ=
49,Crystal Belt,180,450,0,0,0,0,0,0,0,0,0,0,0,0,0,0,0,0,0,0,0,0,0,1,1,0,0,0,0,7,0,0,0,0,0,4,0,Ss9dfOwySDr3+v6ROmdjVp1Q+SsnBBRZrwIkJSuwl7M=
50,Crystal Breastplate,177,480,0,3,0,0,0,0,0,0,0,0,0,0,0,0,1,1,0,0,0,0,0,18,18,0,0,0,0,9,0,1,0,0,0,5,0,0sAaGrFgDRWrKgPIui1C+ciIfq46iq5c1UtjLLsa5n0=
51,Crystal Gauntlets,177,460,0,3,0,0,0,0,0,0,0,0,0,0,0,0,1,1,0,0,0,0,0,18,18,0,0,0,0,9,0,2,0,0,0,5,0,AUk5AmWYFIwTMJFsBfZlKO4ygijoTU3RuibjKqKW1ac=
52,Crystal Greaves,177,460,0,3,0,0,0,0,0,0,0,0,0,0,0,0,1,1,0,0,0,0,0,18,18,0,0,0,0,9,0,3,0,0,0,5,0,PodCud0ArDEM68chbH8tg71QhdFizKLgD9Pr9owFbsQ=
53,Crystal Helmet,177,460,0,3,0,0,0,0,0,0,0,0,0,0,0,0,1,1,0,0,0,0,0,18,18,0,0,0,0,9,0,0,0,0,0,5,0,KXRKbFulNcWPgGr26TPKZ+/Ask1Gkcz3UIIkYPmd/bY=
54,Crystal Shield,178,410,0,38,0,0,0,0,0,0,0,0,0,0,0,0,18,15,0,0,0,0,0,15,15,0,0,0,0,10,0,1,255,0,0,5,0,bgBQRdFFxwGTVJHaAMfSaKWCSHkAcn7CC5sSeVCcRvQ=
55,Cuirbouilli Helm,177,47,0,3,0,0,0,0,0,0,0,0,0,0,0,0,1,1,0,0,0,0,0,37,37,0,0,0,0,4,0,0,0,0,0,0,0,UPZ9YMZ3PTsdc0F7i+jTuOWb8lEg1K/hg12ywYzuqNg=
56,Dagger,178,27,0,12,0,0,0,0,0,0,0,0,0,0,0,0,18,0,0,0,0,0,0,19,19,0,0,0,0,1,0,1,255,0,0,0,0,iVqCSSeZEZ7/wQ6BxN7Rh9/RZoyVv2j/FSFflRJTKOk=
57,Death Card,175,900,0,8191,0,1,1,1,1,1,1,1,1,1,1,1,1,1,250,0,0,0,0,12,12,1,0,0,0,0,0,0,0,0,0,5,0,ANq+6+34+iDvy0l+2ZRgQln4uAt+hpn3NydbGSetFio=
58,Dirk,178,67,0,16,0,0,0,0,0,0,0,0,0,0,0,0,16,0,0,0,0,0,0,25,25,0,0,0,0,1,0,1,255,0,0,0,0,cuMH0stnD9QLHjkPrhjoLRMEVtpup3b/pSqLmo77OZA=
59,Dragonskin Hauberk,177,196,0,3,0,0,0,0,0,0,0,0,0,0,0,0,1,1,0,0,0,0,0,68,68,0,0,0,0,14,0,1,0,0,0,4,0,vBFqxygIPVYM6VkFtqBslCAXzn71T8rI6YD8+3IR1EA=
60,Elfinmail Coat,177,382,0,3,0,0,0,0,0,0,0,0,0,0,0,0,1,1,0,0,0,0,0,39,39,0,0,0,0,16,0,1,0,0,0,5,0,EraaplV1YHcDZzQS0S/aqcNI2JlsrAnH6ozzPDOHLYw=
61,Elfinmail Hood,177,382,0,3,0,0,0,0,0,0,0,0,0,0,0,0,1,1,0,0,0,0,0,39,39,0,0,0,0,8,0,0,0,0,0,5,0,07MEF2diugZdgKtgJ8/f/X0Wkqvrb1xrMOWCL1c1Ihk=
62,Elfinmail Leggings,177,382,0,3,0,0,0,0,0,0,0,0,0,0,0,0,1,1,0,0,0,0,0,39,39,0,0,0,0,13,0,3,0,0,0,5,0,qDXQF129Em0UIiTHPBO09hoW3J/PaY0PZqePieSVtpk=
63,Elven Boots,180,156,0,0,0,0,0,0,0,0,0,0,0,0,0,0,0,0,0,0,0,0,0,1,1,0,0,0,0,3,0,0,0,0,0,4,0,QH0SsRn9EBDAKxIV9KKXlqVVLWfvhdvVIRANpYe3V8w=
64,Elven Cloak,180,170,0,0,0,0,0,0,0,0,0,0,0,0,0,0,0,0,0,0,0,0,0,1,1,0,0,0,0,4,0,0,0,0,0,4,0,BlEkGg2NGIZAYhNOOqlUjY4exuaxVQmcCf4XipenElg=
65,Emerald Eye,175,540,8,32,0,0,0,0,0,0,0,0,1,0,0,0,0,0,0,56,25,0,0,12,12,3,0,0,0,0,0,0,30,0,0,2,2,ywciq6jXcXQZdOF4VRX3dNvARc97dfz3AU/SIK1/5mA=
66,Eye Of Vulnerability,175,600,8,0,0,0,0,0,0,0,0,0,0,0,0,0,0,0,0,56,0,0,0,12,12,3,0,0,0,0,0,0,30,0,0,2,2,JgBmC9nJ6MOr5liokahCT9m/lfzhzxf6GdOgynBljnQ=
67,Fine Purple Fur-Lined Shirt,180,67,0,0,0,0,0,0,0,0,0,0,0,0,0,0,0,0,0,0,0,0,0,1,1,0,0,0,0,2,0,0,0,0,0,3,0,ZNwbpHoPCiRhOK7CCP23pxv/nRzXQRVPIE0Yzl3An1I=
68,Fine Silver Jerkin,180,87,0,0,0,0,0,0,0,0,0,0,0,0,0,0,0,0,0,0,0,0,0,1,1,0,0,0,0,2,0,0,0,0,0,2,0,vIxPGklty54fJpfGr+wj60TQDCWiDFXW27dwhya7Gkg=
69,Fine Yellow Wool Pants,180,45,0,0,0,0,0,0,0,0,0,0,0,0,0,0,0,0,0,0,0,0,0,1,1,0,0,0,0,4,0,0,0,0,0,0,0,v7TsxfJs1m0Uuttyrt+PSYAzgZvzIRu9niq2T105ohg=
70,Fire Wand,175,860,109,16,0,0,0,0,0,0,0,0,0,1,0,0,0,0,35,0,0,0,0,1,1,2,0,0,0,0,0,0,0,0,0,1,0,YN1+iovnk8XAZSekRiXde1WJOE6AsHoXFGF9c9hqaEM=
71,Fireblade Scroll,175,450,110,16,0,0,0,0,0,0,0,0,0,1,0,0,0,0,0,0,0,0,0,1,1,1,0,0,0,0,0,0,0,0,0,1,4,6790xH/hIEc3NRK0iBMPtcMK8wmlDM5SzhL85Yymnlg=
72,Flail,178,38,0,9,0,0,0,0,0,0,0,0,0,0,0,0,0,15,0,0,0,0,0,25,25,0,0,0,0,5,0,1,255,0,0,1,0,wS0+xMFo5RMGRjTPfv6YHBrk+onbwrX6V7uDKCU38R0=
73,Flame Quarrels,178,125,0,272,0,0,0,0,0,0,0,0,0,16,0,0,16,0,0,0,0,0,0,25,25,0,0,0,0,2,0,4,10,0,0,5,0,7f8vmtED78yTFgQsXlcUFUGOhvVF3Lkytv16YGrVDfg=
74,Floppy Leather Hat,180,17,0,0,0,0,0,0,0,0,0,0,0,0,0,0,0,0,0,0,0,0,0,1,1,0,0,0,0,2,0,0,0,0,0,0,0,Qs3znWj5IlB4hL7REze8fwWqHyxd6Wob/1W456vSQME=
75,High Leather Boots,180,52,0,0,0,0,0,0,0,0,0,0,0,0,0,0,0,0,0,0,0,0,0,1,1,0,0,0,0,3,0,0,0,0,0,0,0,8LF+ayQ3AKyVRtl96OWrHazFBkf9u75AD3za20IMWjY=
76,High Priestess Card,175,450,0,0,0,0,0,0,0,0,0,0,0,0,0,0,0,0,0,0,0,0,0,1,1,0,0,0,0,0,0,0,0,0,0,3,0,0MsZjO57/C04UWZZPa9ZHr//bVz0aSUPMoSHvFlvzmw=
77,Holy Hand Grenade,175,10000,0,256,0,0,0,0,0,1,0,0,0,0,0,0,0,0,250,0,0,0,0,1,1,1,0,0,0,1,0,0,0,0,0,5,0,6Q8gcFaSKx2D6CuNrlXWQifeKvctlkRChA8RTsju3Ps=
78,Hypnotic Eye,175,450,8,0,0,0,0,0,0,0,0,0,0,0,0,0,0,0,0,56,0,0,0,12,12,3,0,0,0,0,0,0,30,0,0,3,2,M0M/t0VRlKG5LSZHHkM9hw0j3zxd6BP2Hcq8R8gL0mE=
79,Iron Fan,178,543,0,10,0,0,0,0,0,0,0,0,0,0,0,0,0,26,0,0,0,0,0,15,15,0,0,0,0,1,0,1,255,0,0,2,0,T+gGA4naJ9MYjKefcCAz3ZBwe5aj38rtoEeQTZ01BTg=
80,Iron Palm Salve,200,974,0,0,0,0,0,0,0,0,0,0,0,0,0,0,0,0,0,0,0,0,0,1,1,0,0,0,0,1,0,0,0,0,0,99,0,acBt647bW6MdQes3EWIiVW9P5x22JBGVZpsyZy7zpF4=
81,Ironwood Boken,178,476,0,12,0,0,0,0,0,0,0,0,0,0,0,0,0,36,0,0,0,0,0,15,15,0,0,0,1,2,0,1,255,0,0,4,0,cflq46rWUU9donbGpL8MaUumE/Rbu3IO4nLbUWAeogo=
82,Junais Sword,178,3865,0,4888,0,0,0,0,0,0,16,14,0,0,0,0,36,0,0,0,0,0,0,12,12,0,0,0,0,5,0,1,255,0,0,5,0,Abk8y0oFy25ijznQkOH1bMN9TeSI6Q3H7ZhwZ1sAgUc=
83,King Of Wands Card,175,650,0,0,0,0,0,0,0,0,0,0,0,0,0,0,0,0,0,0,0,0,0,1,1,1,0,0,0,0,0,0,0,0,0,1,0,TNRQhEey2I938l8FUKiynBFKG4ZvY0BIrdHncsvU3GQ=
84,Large Shield,178,124,0,1,0,0,0,0,0,0,0,0,0,0,0,0,0,15,0,0,0,0,0,30,30,0,0,0,1,16,0,1,255,0,0,0,0,cbc8Z+ELwmJwSM4LnGcFlOG9qubd3bx4WaCUIHvN2q0=
85,Leather Breastplate,177,127,0,3,0,0,0,0,0,0,0,0,0,0,0,0,1,1,0,0,0,0,0,45,45,0,0,0,0,18,0,1,0,0,0,0,0,nv+JErHJuFMpJJFlGuhx7oXUh+B+Pi5DkxmxuZtmJtk=
86,Leather Gauntlets,177,52,0,3,0,0,0,0,0,0,0,0,0,0,0,0,1,1,0,0,0,0,0,45,45,0,0,0,0,7,0,2,0,0,0,0,0,YSBzjUThxn2bn7Ju1unpAWwEimZHAE+7pDrbuGuVE5o=
87,Leather Greaves,177,52,0,3,0,0,0,0,0,0,0,0,0,0,0,0,1,1,0,0,0,0,0,45,45,0,0,0,0,9,0,3,0,0,0,0,0,EtgzSe0XI7UB5/FKi637O0VNK9bsAsnWfSSGiuUxFt8=
88,Leather Helmet,177,27,0,3,0,0,0,0,0,0,0,0,0,0,0,0,1,1,0,0,0,0,0,45,45,0,0,0,0,5,0,0,0,0,0,0,0,M1ChcpTTV08JHWrR4lO/RZNESJPCsGEt+r0M23XYBmc=
89,Leather Jerkin,180,64,0,0,0,0,0,0,0,0,0,0,0,0,0,0,0,0,0,0,0,0,0,1,1,0,0,0,0,7,0,0,0,0,0,1,0,8PoTvLdterFuPLJolM009Mn1YJ2cdDeq6DUMcFGSxd0=
90,Leather Sandals,180,17,0,0,0,0,0,0,0,0,0,0,0,0,0,0,0,0,0,0,0,0,0,1,1,0,0,0,0,2,0,0,0,0,0,0,0,gtx6Bk/I2oRwNKL7/ekjREt+DeJA2RYWH1EqXvLJLgU=
91,Light Wand,175,650,0,0,0,0,0,0,0,0,0,0,0,0,0,0,0,0,0,1,0,4,0,12,12,2,0,0,0,0,0,0,0,0,0,1,0,mRt0joaLzMILy8ReFyUQ1ytP547AoYD/7xSbt2zEkQ0=
92,Loadstone,200,10,0,0,0,0,0,0,0,0,0,0,0,0,0,0,0,0,0,0,0,0,0,65536,65536,4,0,0,0,65536,0,0,0,0,0,99,0,4P4kD8UEndO+1OF+iA4ttWCi2g43CijtxOACHL7VHT8=
93,Long Sword,178,127,0,2,0,0,0,0,0,0,0,0,0,0,0,0,18,0,0,0,0,0,0,30,30,0,0,0,1,6,0,2,255,0,0,3,0,bfkMMjR/Of7Vf6IFQ2X7jC/3JWTBpGNcUnzVQfxTJ+g=
94,Magical Flamesword,178,569,0,16,0,0,0,0,0,0,0,0,0,110,0,0,0,0,0,0,0,0,0,35,35,0,0,0,0,6,0,1,255,0,0,3,0,N9Jy4/z9OOQMHz6CoJDXaAPJNdrSm2EDE//mrValMVA=
95,Map Stone,200,289,0,0,0,0,0,0,0,0,0,0,0,0,0,0,0,0,0,0,0,0,0,1,1,0,0,0,0,0,0,0,0,0,0,99,0,oUQHu4UZE9fz7iXw1J2A0dSS/ulUvo6HK6cNgoLkDRk=
96,Melvins Helm,177,1267,0,3,0,0,0,0,0,0,0,0,0,0,0,0,1,1,0,0,0,0,0,59,59,4,0,0,0,7,0,0,0,0,0,5,0,1EUyVX8z6Jc1+eFmi2SPs4SLJOOavslnTC4APr1vXFs=
97,Morganas Tiara,180,2876,0,3,0,0,0,0,0,0,0,0,0,0,0,0,1,1,0,0,0,0,0,1,1,0,0,0,0,1,0,0,0,0,0,99,0,+dKbFEX77bYHk6I9/AY3X0FhBk7BLC+jfMfMIYqVAA0=
98,Nasty Knife,178,32,0,2,0,0,0,0,0,0,0,0,0,0,0,0,18,0,0,0,0,0,0,20,20,0,0,0,0,1,0,1,255,0,0,0,0,gEzS7lVnKAH8WSDXLSKRj1kI39P61heG13n1OX0FzlI=
99,Padded Breastplate,177,220,0,3,0,0,0,0,0,0,0,0,0,0,0,0,1,1,0,0,0,0,0,33,33,0,0,0,0,12,0,1,0,0,0,0,0,SNdQmdG3qLFLAyKVZZ57PD6wTnVY1qSxQa3oBqGRtec=
100,Padded Gauntlets,177,220,0,3,0,0,0,0,0,0,0,0,0,0,0,0,1,1,0,0,0,0,0,33,33,0,0,0,0,2,0,2,0,0,0,0,0,3sIgXxAKSFdXo/sfOukucv3axQg+bP0ZfKc3f2narAk=
101,Padded Greaves,177,220,0,3,0,0,0,0,0,0,0,0,0,0,0,0,1,1,0,0,0,0,0,33,33,0,0,0,0,4,0,3,0,0,0,0,0,AJdjrXrTyJkC78Nxu6sNRFcBfXiphIKIeDAf94xXc6w=
102,Padded Helmet,177,220,0,3,0,0,0,0,0,0,0,0,0,0,0,0,1,1,0,0,0,0,0,33,33,0,0,0,0,2,0,0,0,0,0,0,0,M6UgezD4FMXx/1Mofup1n5oaKc+zLhG92nA8DD351Ac=
103,Page Of Cups Card,175,0,0,0,0,0,0,0,0,0,0,0,0,0,0,0,0,0,0,0,0,0,0,1,1,1,0,0,0,0,0,0,0,0,0,2,0,0tLQLj3VVNlLfKAVSP9FAGsVF2eZh+ZcuEJteDJt/v8=
104,Panther Gloves,177,1,0,3,0,0,0,0,0,0,0,0,0,0,0,0,1,1,0,0,0,0,0,42,42,0,0,0,0,5,0,2,0,0,0,4,0,h+RcrdoU+DOGqy3B/RuYrkC2+0kOC2gftDlVx7VN0mo=
105,Paralysis Wand,175,0,0,0,0,0,0,0,0,0,0,0,0,0,0,0,0,0,0,0,0,0,0,12,12,2,0,0,0,0,0,0,0,0,0,1,0,+ERoaJU1guFKdY4n9FFtkdpAcVSnxfCePJbxChSTyDE=
106,Pike,178,0,0,12,0,0,0,0,0,0,0,0,0,0,0,0,110,0,0,0,0,0,0,25,25,0,0,0,1,13,0,2,255,0,0,1,0,6YHsqepekTJK9ZVvA++0hT7pYfWudY94vTrQPWxI22w=
107,Plate Armor,177,415,0,3,0,0,0,0,0,0,0,0,0,0,0,0,1,1,0,0,0,0,0,65,65,0,0,0,0,24,0,1,0,0,0,3,0,pC3I4KLdkXavOis3gRXyFQH9RExv6b1fpFW40UJXj6E=
108,Plate Gauntlets,177,415,0,3,0,0,0,0,0,0,0,0,0,0,0,0,1,1,0,0,0,0,0,65,65,0,0,0,0,17,0,2,0,0,0,3,0,nlKPEa4ayYENPKARVzAMTJHaZCd+icv2d5FA+VDkDi8=
109,Plate Helm,177,415,0,3,0,0,0,0,0,0,0,0,0,0,0,0,1,1,0,0,0,0,0,65,65,0,0,0,0,9,0,0,0,0,0,3,0,2k2nxuYo9YY92ptCWf3+NR5e8tr5m6i6hmTeubsJXZg=
110,Plate Leggings,177,415,0,3,0,0,0,0,0,0,0,0,0,0,0,0,1,1,0,0,0,0,0,65,65,0,0,0,0,22,0,3,0,0,0,3,0,SHNROw6X9j+u0ibCltLGpgZtfaQymKKfcUbXHY9SJGw=
111,Plated Breastplate,177,415,0,3,0,0,0,0,0,0,0,0,0,0,0,0,1,1,0,0,0,0,0,65,65,0,0,0,0,10,0,1,0,0,0,3,0,ohgFw5vliuYeoJtd9nxUzBqqBgiHuFGAfmAjgVXQNas=
112,Plated Gauntlets,177,415,0,3,0,0,0,0,0,0,0,0,0,0,0,0,1,1,0,0,0,0,0,65,65,0,0,0,0,60,0,2,0,0,0,3,0,mDBpg1+ePpV+di/UD/Q/bmnx1wkY2bHYvMBRu+WiJcY=
113,Plated Greaves,177,415,0,3,0,0,0,0,0,0,0,0,0,0,0,0,1,1,0,0,0,0,0,65,65,0,0,0,0,10,0,3,0,0,0,3,0,+vwyuZn5pwxI2FdfBUvAlOuaPXi1Zii7KN0UJwUBNvU=
114,Plated Helmet,177,415,0,3,0,0,0,0,0,0,0,0,0,0,0,0,1,1,0,0,0,0,0,65,65,0,0,0,0,18,0,0,0,0,0,3,0,6Wq6qJK+aScIGj1SJsh7xZ3FRLGhk+hQBcT9STxHIuY=
115,Potion of ACID!,176,15,0,0,0,0,0,0,0,0,0,0,0,0,0,0,0,0,0,0,0,0,0,0,1,0,0,0,0,2,0,0,0,0,0,1,0,i5pRRHZDK36Kt+zc0SkcpyUcQ0O1rc3rOooFATha7D0=
116,Potion Of Charisma,176,29,0,0,0,0,0,0,0,0,0,0,0,0,0,0,0,0,0,0,0,8,0,0,1,0,0,0,0,2,0,0,0,0,0,1,0,SHF4XvQwlWGIbGshgUYkdKYyHyFcbho7EVSQPg5UaRA=
117,Potion of Cleansing,176,27,0,0,0,0,0,0,0,0,0,0,0,0,0,0,0,0,0,0,0,0,0,0,1,0,0,0,0,2,0,0,0,0,0,1,0,fhQAEw2upfj+iyYYIpS5xDYYGLEZ3zDd8OIfLHt4J/o=
118,Potion of Curing Poison,176,25,0,0,0,0,0,0,0,0,0,0,0,0,0,0,0,0,0,0,0,0,0,0,1,0,0,0,0,2,0,0,0,0,0,1,0,wKZ1B8bT9v2lkmv6TeSPjPDD/cMMQFiVoqCWANxLEMg=
119,Potion of DEADLY POISON!,176,10,0,0,0,0,0,0,0,0,0,0,0,0,0,0,0,0,0,0,0,0,0,0,1,0,0,0,0,2,0,0,0,0,0,1,0,4XJd5khLj/gZNWDCuDa3aNo+CS2zw8FX+mL0UL5v3Eg=
120,Potion of Delusion,176,18,0,0,0,0,0,0,0,0,0,0,0,0,0,0,0,0,0,0,0,0,0,0,1,0,0,0,0,2,0,0,0,0,0,1,0,MeJeC9pUwDOF3Aq2QdLlJkq0ilUojCdNVkikuzD7YPU=
121,Potion Of Dexterity,176,29,0,0,0,0,0,0,0,0,0,0,0,0,0,0,0,0,0,0,0,0,0,0,1,0,0,0,0,2,0,0,0,0,0,1,0,ChNRz5K2fa/TkUV5KyYVvZNXPhFOjNMGKms676kNlQw=
122,Potion of Dumbness,176,21,0,0,0,0,0,0,0,0,0,0,0,0,0,0,0,0,0,0,0,0,0,0,1,0,0,0,0,2,0,0,0,0,0,1,0,dshJAcQl5nhVZRf6kW12rP7vI5+bX1KnF06ruA7rCXc=
123,Potion Of Endurance,176,27,0,0,0,0,0,0,0,0,0,0,0,0,0,0,0,0,0,0,0,0,0,0,1,0,0,0,0,2,0,0,0,0,0,1,0,R9rc+Dcoard6GcsLE8P2TpOaCwqNIvr6liWrJTWtaUw=
124,Potion Of Fleetness,176,29,0,0,0,0,0,0,0,0,0,0,0,0,0,0,0,0,0,0,0,0,0,0,1,0,0,0,0,2,0,0,0,0,0,1,0,q0d575h1z2F3HqKD5++ciTh9cfCNlm8c79N8Udvy0IE=
125,Potion Of Fruit Juice,176,32,0,0,0,0,0,0,0,0,0,0,0,0,0,0,0,0,0,0,0,0,0,0,1,0,0,0,0,2,0,0,0,0,0,1,0,zVMU0A7Fzb0oNzoyM4jn3ufPK5QykdakYi1OjG/JvIc=
126,Potion of Heal All Wounds,176,54,0,0,0,0,0,0,0,0,0,0,0,0,0,0,0,0,0,0,0,0,0,0,1,0,0,0,0,2,0,0,0,0,0,1,0,9PuAgPFU6RCGI7/4c3rLaL8IfYEneGsHxDIwAouQD0Y=
127,Potion of Heal Major Wounds,176,48,0,0,0,0,0,0,0,0,0,0,0,0,0,0,0,0,0,0,0,0,0,0,1,0,0,0,0,2,0,0,0,0,0,1,0,Cny8+Oy9LnlvYzmC4u56fTc6lN2GDHs+DZhTg2SrBFc=
128,Potion of Heal Minor Wounds,176,41,0,0,0,0,0,0,0,0,0,0,0,0,0,0,0,0,0,0,0,0,0,0,1,0,0,0,0,2,0,0,0,0,0,1,0,YLMmydGGEg5/f4czXZGfHYAKCkVPMPyqXyE6fyg4INw=
129,Potion of Heal Wounds,176,44,0,0,0,0,0,0,0,0,0,0,0,0,0,0,0,0,0,0,0,0,0,0,1,0,0,0,0,2,0,0,0,0,0,1,0,3PfxMScLdwpOS9gp7FTBWjuqtyJ52j/G2v6jcI1Jf0I=
130,Potion of Inebriation,176,27,0,0,0,0,0,0,0,0,0,0,0,0,0,0,0,0,0,0,0,0,0,0,1,0,0,0,0,2,0,0,0,0,0,1,0,2pf5zkoYWRnfCmhuV4SJivTF8dLyW5nM4rABj4dJ1/g=
131,Potion Of Intelligence,176,27,0,0,0,0,0,0,0,0,0,0,0,0,0,0,0,0,0,0,0,0,0,0,1,0,0,0,0,2,0,0,0,0,0,1,0,hEzZuq5l721+okjdmRZtehv7EKe8dKyOaNa6wq2MCAo=
132,Potion Of Inv Air,176,47,1,8,0,0,0,0,0,0,0,0,0,0,1,0,0,0,0,0,0,0,0,0,1,0,0,0,0,2,0,0,0,0,0,1,0,f7+tH9/46LUMusQqpgyYxi0g4KhaSPuhtECQDeYQbQ0=
133,Potion Of Inv Blunt,176,47,1,1,0,0,0,0,0,0,0,0,0,0,0,0,0,1,0,0,0,0,0,0,1,0,0,0,0,2,0,0,0,0,0,1,0,PX/A7RhsutLD6Hoa1u+1lz9lOgv+bnOvgMmX7AcKvUw=
134,Potion Of Inv Cold,176,47,1,1024,0,0,0,1,0,0,0,0,0,0,0,0,0,0,0,0,0,0,0,0,1,0,0,0,0,2,0,0,0,0,0,1,0,5tKAFA8BlNsOHyRH+ZDh1c/l7hhcpPFgounCKqEhPUA=
135,Potion Of Inv Earth,176,47,1,4,0,0,0,0,0,0,0,0,0,0,0,1,0,0,0,0,0,0,0,0,1,0,0,0,0,2,0,0,0,0,0,1,0,/mlrb2eg3qv3qMC3Hlro9nxDFddJYaC8YBTo2+uYOuI=
136,Potion Of Inv Fire,176,47,1,16,0,0,0,0,0,0,0,0,0,1,0,0,0,0,0,0,0,0,0,0,1,0,0,0,0,2,0,0,0,0,0,1,0,ySDX7knLEyI1z/ZUqeiGe3tV15nNOQdUZpPFtG2hmUc=
137,Potion Of Inv Mental,176,47,1,128,0,0,0,0,0,0,1,0,0,0,0,0,0,0,0,0,0,0,0,0,1,0,0,0,0,2,0,0,0,0,0,1,0,Nd3RMaffDYkdTXJ0R9LSqXECTsKDu/jwiukPWf6+EiI=
138,Potion Of Inv Sharp,176,47,1,2,0,0,0,0,0,0,0,0,0,0,0,0,1,0,0,0,0,0,0,0,1,0,0,0,0,2,0,0,0,0,0,1,0,ElQNWTpj9GPJBw73l0epAz4h9oE4ANn6nC7waVv6sPE=
139,Potion Of Inv Water,176,47,1,32,0,0,0,0,0,0,0,0,1,0,0,0,0,0,0,0,0,0,0,0,1,0,0,0,0,2,0,0,0,0,0,1,0,QIcgZDYqp+b89x9PDtZMUX+eb2imAOVDau3g5IULYZI=
140,Potion of Invisibility,176,57,0,0,0,0,0,0,0,0,0,0,0,0,0,0,0,0,0,0,0,0,0,0,1,0,0,0,0,2,0,0,0,0,0,1,0,qza7TMi9IrTnltkDEyk2C0VCtWx4n49ajE9N8eStROw=
141,Potion of Inv Power,176,47,0,0,0,0,0,0,0,0,0,0,0,0,0,0,0,0,0,0,0,0,0,0,1,0,0,0,0,2,0,0,0,0,0,1,0,R2fJpn1BbnVoFGFBUnjkOuQMrWbS7DEA4wsli02TW1M=
142,Potion of Milk,176,23,0,0,0,0,0,0,0,0,0,0,0,0,0,0,0,0,0,0,0,0,0,0,1,0,0,0,0,2,0,0,0,0,0,1,0,InUghiGc8SI+07133QCxp92ff/0XRbMn0rVA+LGdmHQ=
143,Potion of Mineral Water,176,10,0,0,0,0,0,0,0,0,0,0,0,0,0,0,0,0,0,0,0,0,0,0,1,0,0,0,0,2,0,0,0,0,0,1,0,NMOcYLgaLuxM0b40faoTaDo/NV87sZ13AU/9VpvEkuY=
144,Potion of Noticeability,176,35,0,0,0,0,0,0,0,0,0,0,0,0,0,0,0,0,0,0,0,0,0,0,1,0,0,0,0,2,0,0,0,0,0,1,0,xgDRTuFKH2XRrrfpxwKlj3qUgSvTPx4AmvmFk+FHBSU=
145,Potion of Poison!,176,28,0,0,32,0,0,0,0,0,0,0,0,0,0,0,0,0,0,0,0,0,0,0,1,0,0,0,0,2,0,0,0,0,0,1,0,jaUgpLk5Srch+nFlRLHD+wcqap9KdMuefV1aKEhym/k=
146,Potion of Protection +1,176,41,0,0,0,0,0,0,0,0,0,0,0,0,0,0,0,0,0,0,0,0,0,0,1,0,0,0,0,2,0,0,0,0,0,1,0,CVxDTap7s+2y6YIoa3TogMaLXEngbjBKBleojhhXo5M=
147,Potion of Protection +2,176,47,0,0,0,0,0,0,0,0,0,0,0,0,0,0,0,0,0,0,0,0,0,0,1,0,0,0,0,2,0,0,0,0,0,1,0,m7W3sAW/sh1bVEcDlwK/qi9VgL1gmVyLGOysLmR7dRs=
148,Potion Of Regeneration,176,65,0,0,0,0,0,0,0,0,0,0,0,0,0,0,0,0,0,0,0,0,0,0,1,0,0,0,0,2,0,0,0,0,0,1,0,FzqGVKxLhJhn3fTE6Bpy44fAqO2EgS3NJrBWSK/liDg=
149,Potion Of Restoration,176,56,0,0,0,0,0,0,0,0,0,0,0,0,0,0,0,0,0,0,0,0,0,0,1,0,0,0,0,2,0,0,0,0,0,1,0,vR5f0sD7d0WqLzmWzOfY6hZwRxbTonIBcemXCvsHyrA=
150,Potion of Saltwater,176,15,0,0,0,0,0,0,0,0,0,0,0,0,0,0,0,0,0,0,0,0,0,0,1,0,0,0,0,2,0,0,0,0,0,1,0,bGjunfCg2IEPzAS+Tx4xZ7uws4LjvHnKkDNofhbUwjI=
151,Potion of Slowness,176,26,0,0,0,0,0,0,0,0,0,0,0,0,0,0,0,0,0,0,0,0,0,0,1,0,0,0,0,2,0,0,0,0,0,1,0,kbNiSaKTs3JyVN4CSyvyTf7bRTxjjm9RtRkEZhnZcqg=
152,Potion of Spirits,176,32,0,0,0,0,0,0,0,0,0,0,0,0,0,0,0,0,0,0,0,0,0,0,1,0,0,0,0,2,0,0,0,0,0,1,0,PoXVwojYM3CobQNu9fvich08eMgm6euX/Wvzpmi2oVg=
153,Potion Of Strength,176,29,0,0,0,0,0,0,0,0,0,0,0,0,0,0,0,0,0,0,0,0,0,0,1,0,0,0,0,2,0,0,0,0,0,1,0,gRxLeZb+voYiqMkTJpRmfESUczJdz/nJr7/+r/V4uos=
154,Potion of Strong Poison!,176,42,0,0,0,0,0,0,0,0,0,0,0,0,0,0,0,0,0,0,0,0,0,0,1,0,0,0,0,2,0,0,0,0,0,0,0,3kKGfMwngkNDlUFRPmNbY3mKbDOX4HpD2f7+yy81gK0=
155,Potion of TREASURE FINDING,176,79,0,0,0,0,0,0,0,0,0,0,0,0,0,0,0,0,0,0,0,0,0,0,1,0,0,0,0,2,0,0,0,0,0,0,0,GFhR1lIZxeqDiN6aG4iyfQw2bzU6xBSTRdlpVeWR4Tg=
156,Potion of Ugliness,176,54,0,0,0,0,0,0,0,0,0,0,0,0,0,0,0,0,0,0,0,0,0,0,1,0,0,0,0,2,0,0,0,0,0,0,0,y1MtelWvBuw8LVYINvp9EPPnupfp7oUvHKIMr0f2apw=
157,Potion of Unnoticeability,176,65,0,0,0,0,0,0,0,0,0,0,0,0,0,0,0,0,0,0,0,0,0,0,1,0,0,0,0,2,0,0,0,0,0,0,0,86xjuSKGAtplxqo6d/Vny0SyJCMFlxZ7IyAkuWQ+dzg=
158,Potion of Vinegar,176,14,0,0,0,0,0,0,0,0,0,0,0,0,0,0,0,0,0,0,0,0,0,0,1,0,0,0,0,2,0,0,0,0,0,0,0,1KXuzOsuBD4+q6O0lL1T215pVCtTUImiqpNvKEBR7no=
159,Potion of Water,176,10,0,0,0,0,0,0,0,0,0,0,0,0,0,0,0,0,0,0,0,0,0,0,1,0,0,0,0,2,0,0,0,0,0,0,0,32Bf2cH/PpNE837zwCqm5QHcw/dICSrEk7fIvnE8CZs=
160,Potion of Weak Poison,176,18,0,0,0,0,0,0,0,0,0,0,0,0,0,0,0,0,0,0,0,0,0,0,1,0,0,0,0,2,0,0,0,0,0,0,0,qIwBQiZGGyD0gfEWiEaE/863V1/6X55DpTjohT7JnmA=
161,Potion of Weakness,176,26,0,0,0,0,0,0,0,0,0,0,0,0,0,0,0,0,0,0,0,0,0,0,1,0,0,0,0,2,0,0,0,0,0,0,0,WZ0kpasCsXvC0gc3AVdBxyuZ/h8EF8+HkNPkdAoTKxw=
162,Potion of Wine,176,25,0,0,0,0,0,0,0,0,0,0,0,0,0,0,0,0,0,0,0,0,0,0,1,0,0,0,0,2,0,0,0,0,0,0,0,c9fLNRC7hwnFN3RxpPu4UI0Sa59NVO9yJ7tQr6VNVi4=
163,Potion Of Wizard Eye,176,43,0,0,0,0,0,0,0,0,0,0,0,0,0,0,0,0,0,0,0,0,0,0,1,0,0,0,0,2,0,0,0,0,0,0,0,B78m/v/tZilWyJb4CtWy1XbVuZkqdoj/zZXWx5GwXEQ=
164,Purple Flowing Cape,180,62,0,0,0,0,0,0,0,0,0,0,0,0,0,0,0,0,0,0,0,0,0,1,1,0,0,0,0,1,0,0,0,0,0,0,0,/s5WESDzXi3aVsr6lklccOmFFVN4goqv3JWTshjCuoY=
165,Quarrels,178,125,0,20,0,0,0,0,0,0,0,0,0,0,0,0,18,0,0,0,0,0,0,25,25,0,0,0,0,1,0,4,10,0,0,5,0,SlZxxBCQgD7L86PLh0F4CxigV5vjHTM0OFr/cDKWtxc=
166,Razor Ice,178,673,0,20500,0,0,0,26,0,0,0,0,0,0,0,0,26,0,0,0,0,0,0,12,12,0,0,0,0,15,0,1,255,0,0,99,0,2FTCGDBuCXEUNOj/yD3i6TO07KpuWLt2PnmYCQRolHw=
167,Red Plaid Kilt,180,72,0,0,0,0,0,0,0,0,0,0,0,0,0,0,0,0,0,0,0,0,0,1,1,0,0,0,0,3,0,0,0,0,0,3,0,lJJdiP9zuJOFZfvaRxN/GWhSi1y3nMuT/CVu7wiJWGQ=
168,Reforged Ring,200,9999,0,512,0,0,0,0,1,0,0,0,0,0,0,0,0,0,0,0,0,0,0,65536,65536,4,0,0,0,0,255,0,0,0,0,99,0,Kpx9jlKOemJlj281CfImGfLEDZzFqPU1OpPbvD5RrHc=
169,Remove Curse Scroll,175,300,0,0,0,0,0,0,0,0,0,0,0,0,0,0,0,0,0,0,0,0,0,1,1,1,0,0,0,0,0,0,0,0,0,1,3,f0J0mjUXo8vlewSaFh5AIwo+GUryDGnKsOZW8jx6ZOU=
170,Renew Scroll,175,750,0,0,0,0,0,0,0,0,0,0,0,0,0,0,0,0,0,0,0,0,0,1,1,1,0,0,0,0,0,0,0,0,0,1,3,8HKmOqCqBNDKE7NYvKS/qJmwqEA+eAVvuOFGaETEO90=
171,Ringmail Coat,177,100,0,3,0,0,0,0,0,0,0,0,0,0,0,0,1,1,0,0,0,0,0,58,58,0,0,0,0,16,0,1,0,0,0,2,0,kVhRTOyd898mt0rtMbPS9IO7Xfi8XkbgJ0FoA8AOuW0=
172,Ringmail Hood,177,100,0,3,0,0,0,0,0,0,0,0,0,0,0,0,1,1,0,0,0,0,0,58,58,0,0,0,0,5,0,0,0,0,0,2,0,kPbPz5vzdl6VGkODRehqhgwLYqTzX6bGBpxGMdsg+A0=
173,Ringmail Leggings,177,100,0,3,0,0,0,0,0,0,0,0,0,0,0,0,1,1,0,0,0,0,0,58,58,0,0,0,0,15,0,3,0,0,0,2,0,AUxXKyNOYrf8lNOLezb+Lw9PxHsHjSNIwUcRXZ0bLAg=
174,Robins Hood,180,9999,0,0,0,0,0,0,0,0,0,0,0,0,0,0,0,0,0,0,0,0,0,1,1,4,0,0,0,1,0,0,0,0,0,99,0,oAUL+rnqkpD8tKMC6Cpr6QRzZOMW15rhTCCq3MFmUes=
175,Ruby Eye,175,650,8,16,0,0,0,0,0,0,0,0,0,1,0,0,0,0,0,56,25,0,0,12,12,3,0,0,0,0,0,0,30,0,0,2,2,MOBBmngmdPPkn6+bZYjT6FDp5IhMlkR/4t1zErGLHUA=
176,Sapphire Eye,175,650,8,8,0,0,0,0,0,0,0,0,0,0,25,0,0,0,0,56,25,0,0,12,12,3,0,0,0,0,0,0,30,0,0,2,2,FuT1y1PoWXoPWbKdzq4LzgwgI0oMIamNjzsJ85nodZQ=
177,Saurian Brandy,200,111,0,0,0,0,0,0,0,0,0,0,0,0,0,0,0,0,0,0,0,0,0,1,1,0,0,0,0,2,0,0,0,0,0,99,0,0ZKF1zHBvBagVOEFgLOJVAZDC4OL+kGrLm4PAe4XczU=
178,Scale Armor,177,142,0,3,0,0,0,0,0,0,0,0,0,0,0,0,1,1,0,0,0,0,0,41,41,0,0,0,0,18,0,1,0,0,0,1,0,bNxyIDeFG5eQr2QeF+fo6HgnytWMhSCiCoimkiEZuCE=
179,Scalemail Coat,177,142,0,3,0,0,0,0,0,0,0,0,0,0,0,0,1,1,0,0,0,0,0,41,41,0,0,0,0,36,0,1,0,0,0,1,0,glzIXI9SGexNjBDL7MfHPdcMhTLFdA5EflWd//A3988=
180,Scalemail Hood,177,142,0,3,0,0,0,0,0,0,0,0,0,0,0,0,1,1,0,0,0,0,0,41,41,0,0,0,0,6,0,0,0,0,0,1,0,yVuBNP/Kj1ls/2QmdjdguIhBLNAfnLS1lU0t7dEGFaU=
181,Scalemail Leggings,177,142,0,3,0,0,0,0,0,0,0,0,0,0,0,0,1,1,0,0,0,0,0,41,41,0,0,0,0,18,0,3,0,0,0,1,0,JWVdQa7qu6Vq9SSLCG3RLoVrHmPUAfXEeDIuVEFkQz4=
182,Shield Of Galahad,178,1250,0,257,0,0,0,0,0,18,0,0,0,0,0,0,0,15,25,0,0,0,0,40,40,0,0,0,1,16,0,1,255,0,0,6,0,tg/Tld0Ob++cjhpPO6cgB01RC/bMRuU/j8/bDtBslq4=
183,Shield Of Mordred,178,1350,0,515,0,0,0,0,1,0,0,0,0,0,0,0,18,35,25,0,0,0,0,40,40,0,0,0,1,17,0,1,255,0,0,6,0,1SrI2xB/Xn83guQnIWgwoqs3VpeYPmhrJfrr6mGb9zE=
184,Short Sword,178,59,0,16,0,0,0,0,0,0,0,0,0,0,0,0,24,0,0,0,0,0,0,25,25,0,0,0,0,9,0,1,255,0,0,0,0,KRLyKzXX5ZyJ/ZWmt4QGkLiu55AqpPrNNrpD0JLrDhU=
185,Silver Brocaded Bodice,180,47,0,0,0,0,0,0,0,0,0,0,0,0,0,0,0,0,0,0,0,0,0,1,1,0,0,0,0,2,0,0,0,0,0,2,0,qI3LvMpqT1+ax+13tWPF5bNDaWAuNH34X3hzGM8xz9s=
186,Silver Horn,175,950,0,8191,0,1,1,1,1,1,1,1,1,1,1,1,1,1,50,0,0,0,0,12,12,0,0,0,0,1,0,0,0,0,0,3,0,TM3s+/bNL4DRKNSf8oEHvZaouZEKAJ3mKDRlp6zlkXI=
187,Silver Key,200,65536,0,0,0,0,0,0,0,0,0,0,0,0,0,0,0,0,0,0,0,0,0,1,1,0,0,0,0,0,0,0,0,0,0,99,0,0DF3ADagubSGst2ob12aDPdfwgPCvL4I0H2DhX9RZds=
188,Silver Sash,180,250,0,0,32,0,0,0,0,0,0,0,0,0,0,0,0,0,0,50,0,0,0,1,1,0,0,0,0,1,0,0,0,0,0,4,0,imC8MRa99MAX0D1I9fTiLrXQkQ3oRTM/W3pWczXHs/4=
189,Simple Gold Jerkin,180,79,0,0,0,0,0,0,0,0,0,0,0,0,0,0,0,0,0,0,0,0,0,1,1,0,0,0,0,3,0,0,0,0,0,3,0,QKKKe/rCCyU0GM/G85ukhZS0fEScDbNiwELYg3TGilw=
190,Simple Gray Cloak,180,57,0,0,0,0,0,0,0,0,0,0,0,0,0,0,0,0,0,0,0,0,0,1,1,0,0,0,0,4,0,0,0,0,0,1,0,x8WaGbHCXwadXNGK9ty1aMUSVqhq+vzCmffX+UrsBLY=
191,Simple Orange Silk Vest,180,65,0,0,0,0,0,0,0,0,0,0,0,0,0,0,0,0,0,0,0,0,0,1,1,0,0,0,0,2,0,0,0,0,0,2,0,RMQ1uWj7UlUUG42X2DeER9JwSea3n9DzFfK3UNKMw/s=
192,Simple Purple Dragonskin Blouse,180,98,0,0,0,0,0,0,0,0,0,0,0,0,0,0,0,0,0,0,0,0,0,1,1,0,0,0,0,6,0,0,0,0,0,4,0,IYwGJrUo4TPYTSZtEBKC04ljo4keTyWy3yOUfrcGYMA=
193,Simple Purple Fur-Lined Toga,180,75,0,0,0,0,0,0,0,0,0,0,0,0,0,0,0,0,0,0,0,0,0,1,1,0,0,0,0,5,0,0,0,0,0,3,0,n0/s3RVrtssJwcZzrJlAoJhWfQgPoktk02Kw4Ke4/Xg=
194,Simple Red Jerkin,180,69,0,0,0,0,0,0,0,0,0,0,0,0,0,0,0,0,0,0,0,0,0,1,1,0,0,0,0,3,0,0,0,0,0,2,0,Eo7Bvb0IZoqziXRWaQQHJCgNWi6ZkPjAJ29Km5aq2LI=
195,Simple Violet Jerkin,180,69,0,0,0,0,0,0,0,0,0,0,0,0,0,0,0,0,0,0,0,0,0,1,1,0,0,0,0,3,0,0,0,0,0,2,0,y7CugYGeKa1GDHp8tBCcaRvW5iFIH7VYx1BeNfBaJmU=
196,Simple White Fur-Lined Robe,180,12,0,0,0,0,0,0,0,0,0,0,0,0,0,0,0,0,0,0,0,0,0,1,1,0,0,0,0,4,0,0,0,0,0,1,0,7olbJuYzDEsesBQv1w5RuNSbHGIcGmEu+QciQ7BTHew=
197,Simple White Wool Robe,180,47,0,0,0,0,0,0,0,0,0,0,0,0,0,0,0,0,0,0,0,0,0,1,1,0,0,0,0,4,0,0,0,0,0,1,0,8W6pkCh3aj/38xQDs7hcv15Dmi+xc/l5hi26vQqfaKM=
198,Six Pack,200,250,0,0,0,0,0,0,0,0,0,0,0,0,0,0,0,0,0,0,0,0,0,6,6,0,0,0,0,6,0,0,0,0,0,99,0,3o2Pro7mA6xB3ReySy7HUT+FH2/fsjxylLVGr3R2kaU=
199,Small Shield,178,82,0,1,0,0,0,0,0,0,0,0,0,0,0,0,0,15,0,0,0,0,0,35,35,0,0,0,0,5,0,1,255,0,0,0,0,2iTHBt8GJQhE1XtoVi8ruKwjp0ZTxmQAMij75jvCXzc=
200,Snowshoes,180,62,0,0,0,0,0,0,0,0,0,0,0,0,0,0,0,0,0,0,0,0,0,1,1,0,0,0,0,0,0,0,0,0,0,0,0,rDYzFRSSeoVJAjBv3lEeZpRvD00b97OOfE46Jw1DOwA=
201,Solar Suit,177,4000,0,3,0,0,0,0,0,0,0,0,0,0,0,0,1,1,0,0,0,0,0,21,21,0,0,0,0,29,0,1,0,0,0,6,0,mRD2Ye1glEKW6RxmNifFov06VAwpEJboUnLueZUXYKk=
202,Spiked Shield,178,278,0,3,0,0,0,0,0,0,0,0,0,0,0,0,15,15,0,0,0,0,0,30,30,0,0,0,1,7,0,1,255,0,0,1,0,cp/Dyq16KkmHFM8YOR6D3tCLkb7QTazJuatCV+AVQVc=
203,Spirit Shield,178,438,0,2826,0,0,0,0,0,0,19,0,0,0,0,0,0,26,0,0,0,0,0,25,25,0,0,0,1,14,0,1,255,0,0,4,0,JlACuJ45W4DOGuL01fPgSbUB72shPiwIteOdcdqIkBE=
204,Splintmail Coat,177,190,0,3,0,0,0,0,0,0,0,0,0,0,0,0,1,1,0,0,0,0,0,29,29,0,0,0,0,42,0,1,0,0,0,2,0,KcB64i28fD5utW9jzVLXO2t+Nf5mAUJp8WNkRg+mOSw=
205,Splintmail Hood,177,190,0,3,0,0,0,0,0,0,0,0,0,0,0,0,1,1,0,0,0,0,0,29,29,0,0,0,0,7,0,0,0,0,0,2,0,oqroE1bnI3a5lsXzEV/U+QtlvgCnaPvoitYHC7RYKxc=
206,Splintmail Leggings,177,190,0,3,0,0,0,0,0,0,0,0,0,0,0,0,1,1,0,0,0,0,0,29,29,0,0,0,0,21,0,3,0,0,0,2,0,5eQNfj/2vrC/dbthXBqgBsPtq/ljd1daSYow7yWOKeE=
207,Staff,178,38,0,1,0,0,0,0,0,0,0,0,0,0,0,0,0,15,0,0,0,0,0,40,40,0,0,0,1,9,0,2,255,0,0,0,0,wIzdIGH4cTrmqOo+O0Pln0VuaHV+QjaJILn7Ps3MrMw=
208,Staff Of Amber,178,875,0,1546,0,0,0,0,0,0,0,36,0,0,0,0,0,18,0,0,0,0,0,45,45,0,0,0,1,12,0,2,255,0,0,3,0,DkJ1wX++sdYxHEtA0vS8jo44ipQ7ta7B4FE01OoTqCA=
209,Staff Piece,200,9999,0,0,0,0,0,0,0,0,0,0,0,0,0,0,0,0,0,0,0,0,0,1,1,0,0,0,0,3,0,0,0,0,0,99,0,B+qlP/qMmJuGNHhM8fopeI6FtffXd3kX0djauEvPc2s=
210,Stealth Suit,180,8000,0,0,0,0,0,0,0,0,0,0,0,0,0,0,0,0,0,0,0,0,0,1,1,0,0,0,0,23,0,0,0,0,0,6,0,WXSygNRy8yM4iT/BEtdVW9TT45Hqf80KK+u0iuUTtXM=
211,Stiletto,178,22,0,2,0,0,0,0,0,0,0,0,0,0,0,0,16,0,0,0,0,0,0,35,35,0,0,0,0,1,0,1,255,0,0,0,0,GgP6BCxvQ2B6DashrF42LPHy52+Np7Wufunx4DVdx2k=
212,Strength Card,175,900,0,0,0,0,0,0,0,0,0,0,0,0,0,0,0,0,0,0,0,0,0,1,1,1,0,0,0,0,0,0,0,0,0,4,0,M07NAGAUC4YRp0hAR3EGK6rbxtROiwNZ2uS/jI5K6gg=
213,Studded Breastplate,177,73,0,3,0,0,0,0,0,0,0,0,0,0,0,0,1,1,0,0,0,0,0,39,39,0,0,0,0,23,0,1,0,0,0,0,0,U2Ry69jwhdJRHr8csLa/knNolpuP9FyE7oMlyolOk9s=
214,Studded Gauntlets,177,73,0,3,0,0,0,0,0,0,0,0,0,0,0,0,1,1,0,0,0,0,0,39,39,0,0,0,0,4,0,2,0,0,0,0,0,qgnbhoEe+hHBDCdMzmCFWCp9CT0yP+CUqrg/+WE4vA4=
215,Studded Greaves,177,73,0,3,0,0,0,0,0,0,0,0,0,0,0,0,1,1,0,0,0,0,0,39,39,0,0,0,0,8,0,3,0,0,0,0,0,rOFISiDY+/wVRSr0cpx8s8G7qGtL0NDCGvRo/874kNM=
216,Studded Helmet,177,73,0,3,0,0,0,0,0,0,0,0,0,0,0,0,1,1,0,0,0,0,0,39,39,0,0,0,0,4,0,0,0,0,0,0,0,F4GC0ikgwqssO56sEebEtxRZqKMiU1K0AWK2ldg4x/U=
217,Sword,178,98,0,3,0,0,0,0,0,0,0,0,0,0,0,0,18,15,0,0,0,0,0,25,25,0,0,0,0,5,0,1,255,0,0,0,0,OKed/IH3g4z/CYMGnIrtOuJlDqWGFxKscaADhxtWkBE=
218,Sword Of The Adept,178,1200,0,6676,0,0,0,0,0,37,0,0,0,0,0,0,26,0,0,0,0,0,30,49,49,0,0,0,0,19,0,1,255,0,0,99,0,Nu18wNZXDZR6CzZ9OaZeyLEoN3OnmBMzcdx79HPwT+g=
219,Temperance Card,175,650,0,0,0,0,0,0,0,0,0,0,0,0,0,0,0,0,0,0,0,0,0,1,1,1,0,0,0,0,0,0,0,0,0,3,0,JFHgD7/GbJoQteZtPf+lsiJtAJ+Lho+1PAtUVSmsrXc=
220,The Chariot Card,175,650,0,0,0,0,0,0,0,0,0,0,0,0,0,0,0,0,0,0,0,0,0,1,11,1,0,0,0,0,0,0,0,0,0,3,0,oPVNvj912w4IbcNBLYjHIxBedUwVyBefF14BoSRENBQ=
221,The Fool Card,175,650,0,0,0,0,0,0,0,0,0,0,0,0,0,0,0,0,0,0,0,0,0,1,1,1,0,0,0,0,0,0,0,0,0,2,0,mBk8skBdfINl5oZX7GxtrnYVvfaTwj4ix5n26CidETQ=
222,The Heirophant Card,175,450,0,0,0,0,0,0,0,0,0,0,0,0,0,0,0,0,0,1,0,0,0,1,1,1,0,0,0,0,0,0,0,0,0,2,0,XP+PAMv+wP/RWXyOHyPc4O4udOG6w8CjvoWGbHVlk08=
223,The Star Card,175,850,0,0,0,0,0,0,0,0,0,0,0,0,0,0,0,0,0,25,0,0,0,1,1,1,0,0,0,0,0,0,0,0,0,2,0,SzEz1UsBb8G53ICpzNAFIRrABlEhOIei97Zp6JyN5pA=
224,Thunder Quarrels,178,225,0,1300,0,0,0,0,0,0,0,26,0,0,0,0,18,0,0,0,0,0,0,35,35,0,0,0,0,10,0,4,10,0,0,5,0,dkEWFgXsXvUi0h5kp/PuQ0bA/pQsgMLkrwn4QsvbhxM=
225,Tome Of Knowledge,175,2000,0,0,0,0,0,0,0,0,0,0,0,0,0,0,0,0,0,1,0,0,0,1,1,1,0,0,0,2,0,0,0,0,0,4,0,Z7O/ZWXKFK8G6YgsGR13aK2QgdbrE7pqLQ6/gUEnflE=
226,Tome Of Leadership,175,2000,0,0,0,0,0,0,0,0,0,0,0,0,0,0,0,0,0,1,0,0,0,1,1,1,0,0,0,2,0,0,0,0,0,4,0,w0uEogcWhW+Qo5Uw0F+5Q+y1AzndNKjmFy/0o36HGG0=
227,Tome Of Understanding,175,2000,0,0,0,0,0,0,0,0,0,0,0,0,0,0,0,0,0,1,0,0,0,1,1,1,0,0,0,2,0,0,0,0,0,4,0,d1jSEa8ka99Jq79frnoHDAHCyFtJSuFQy2k76/C4wBE=
228,Tower Shield,178,89,0,1,0,0,0,0,0,0,0,0,0,0,0,0,0,15,0,0,0,0,0,45,45,0,0,0,0,21,0,1,255,0,0,2,0,GcWGmBnNFV0XnF4VljXi5Jd7Kvq50Hlxqtbcwa93z5E=
229,Troll Ring Half,200,9999,0,0,0,0,0,0,0,0,0,0,0,0,0,0,0,0,0,0,0,0,0,65536,65536,0,0,0,0,0,0,0,0,0,0,99,0,W7Cqka0vNjegxyDp4BC4oQgi5sy9VwwY5riAmLjhGCM=
230,Truesilver Coat,177,670,0,3,0,0,0,0,0,0,0,0,0,0,0,0,1,1,0,0,0,0,0,79,79,0,0,0,0,12,0,1,0,0,0,4,0,GotZbdq6RWOw+2+Q3UiukQuuhIbCPY70+hVf1P9K14c=
231,Truesilver Gauntlets,177,670,0,3,0,0,0,0,0,0,0,0,0,0,0,0,1,1,0,0,0,0,0,79,79,0,0,0,0,10,0,2,0,0,0,4,0,hjiC+KyLv0hdrrGm2+gfp7BK0kNOcWNalDjUxGxjkrw=
232,Truesilver Helm,177,670,0,3,0,0,0,0,0,0,0,0,0,0,0,0,1,1,0,0,0,0,0,79,79,0,0,0,0,9,0,0,0,0,0,4,0,ASE6X3qKP4/G+hmesx6GwtbHoi++W/bsA54ShGGQry0=
233,Truesilver Leggings,177,670,0,3,0,0,0,0,0,0,0,0,0,0,0,0,1,1,0,0,0,0,0,79,79,0,0,0,0,14,0,3,0,0,0,4,0,+ZLWZbKuQZzUduU6s5sJwWl+I+BQ4Ymk5s98pvQkTYc=
234,War Net,178,54,0,1,0,0,0,0,0,0,0,0,0,0,0,0,0,15,0,0,0,0,0,15,15,0,0,0,0,4,0,2,255,0,0,2,0,Ju2CcebyJMKUbKrEAnRoriS1TXasWlFuHKXBDlewATs=
235,Whetstone,200,300,0,0,0,0,0,0,0,0,0,0,0,0,0,0,0,0,0,0,0,0,0,25,25,3,0,0,0,2,0,0,0,0,0,99,0,z0PmnPISz+RE2OOXO7nQwwl/qc5UVq1GGHDrw6BJFZQ=
236,Whip,178,47,0,1,0,0,0,0,0,0,0,0,0,0,0,0,0,15,0,0,0,0,0,20,20,0,0,0,0,2,0,1,255,0,0,0,0,tkknMkzdllSTAnz4FJrUJdfRvDVYUwatwFFskizsQqA=
237,White Cotton Robe,180,42,0,0,0,0,0,0,0,0,0,0,0,0,0,0,0,0,0,0,0,0,0,1,1,0,0,0,0,3,0,0,0,0,0,0,0,6dHLRerWSDw3kamlcx44qD4ffOkz283dYsVXoIG/5HM=
238,White Cotton Tunic,180,17,0,0,0,0,0,0,0,0,0,0,0,0,0,0,0,0,0,0,0,0,0,1,1,0,0,0,0,3,0,0,0,0,0,0,0,96jjEqmQqMfmb+MmKusNF85NX4/1Ot4uUL9A0eNsFWg=
239,White Linen Shirt,180,46,0,0,32,0,0,0,0,0,0,0,0,0,0,0,0,0,0,0,0,0,0,1,1,0,0,0,0,2,0,0,0,0,0,1,0,Br6uBgrYalDJtls37IUSMVVV4nGITuxdllqPuHQZWak=
240,Winged Sandals,180,8750,1,0,0,0,0,0,0,0,0,0,0,0,0,0,0,0,0,25,0,0,0,1,1,4,0,0,0,1,0,0,0,0,0,99,0,LPUWXp4EdI8XtVWcGRPjmcsE3z2HQEt/Qp85EAES/Pk=
241,Wizard Eye Scroll,175,650,0,0,0,0,0,0,0,0,0,0,0,0,0,0,0,0,0,1,0,4,0,1,1,1,0,0,0,0,0,0,0,0,0,1,3,8a/9y3Au6zRz9TKzg2PQNuwuh/wNuad18diPBXad3aI=
242,Wizards Eye,175,750,0,0,0,0,0,0,0,0,0,0,0,0,0,0,0,0,0,1,0,8,0,12,12,1,0,0,0,0,0,0,30,0,0,2,0,tpAp79ffe7GRLKq17uZofGJz9i0ujeZd1Hk0eN/XA8Q=
243,Wooden Club,178,20,0,1,0,0,0,0,0,0,0,0,0,0,0,0,0,15,0,0,0,0,0,20,20,0,0,0,0,6,0,1,255,0,0,0,0,Nb8DHoM9gZakQp5vRaRMN1KnAO3L4/F71W2V0DWBZZM=
244,Switchblade,178,45,0,8,0,0,0,0,0,0,0,0,0,0,0,0,24,0,0,0,0,0,0,0,0,0,2,2,1,1,0,1,255,255,0,1,0,OxNqEzbXJHtz4WyNPY4BWp3Hyk5msJX9EvPkCw1fuU0=
245,Dagger,178,10,0,10,0,0,0,0,0,0,0,0,0,0,0,0,13,0,0,0,0,0,0,0,0,0,2,2,1,2,0,1,255,255,0,1,0,S45kWB4v9+L7TOLerph6VYqRYML6D9GvkqvJ0VLgf2s=
246,Short Sword,178,56,0,10,0,0,0,0,0,0,0,0,0,0,0,0,13,0,0,0,0,0,0,0,0,0,2,3,1,5,0,1,255,50,0,1,0,0BXYaZpCfIpKFS8hvXQjDiSnUUYAbCI5utKhSMJAk7k=
247,Sword,178,76,0,14,0,0,0,0,0,0,0,0,0,0,0,0,23,0,0,0,0,0,0,0,23,0,10,10,1,7,0,1,255,10,0,1,0,hTXuByZuU/cLItmVv+Gq8I5JrxeMx2vv/HqzqwTBFt4=
248,Sword,178,0,0,10,0,0,0,0,0,0,0,0,0,0,0,0,13,0,0,0,0,0,0,0,0,0,2,3,1,7,0,1,255,67,0,1,0,StamfAePwFV0HfAG7JZA+8TgqOQNvD/eWq93mbwU8kE=
249,Longsword,178,0,0,12,0,0,0,0,0,0,0,0,0,0,0,0,14,0,0,0,0,0,0,0,0,0,3,4,1,9,0,2,255,75,0,3,0,8u01YRVEmeCpcR+VxnP9mbnAiq4bRCTHqn2jYc18oUs=
250,Greatsword,178,0,0,14,0,0,0,0,0,0,0,0,0,0,0,0,15,0,0,0,0,0,0,0,0,0,3,5,1,12,0,2,255,75,0,3,0,bVr7cpZybd2CgMm/xg3Cn+g2kirCjHpFhcsNTZnP5rE=
251,Longsword,178,0,0,12,0,0,0,0,0,0,0,0,0,0,0,0,14,0,0,0,0,0,0,0,0,0,3,3,1,11,0,2,255,255,0,2,0,UDzNBSClKP5JNhlFIfAxaK9UitSmjkayrnAk8b54Dg8=
252,Bare Hands,100,0,0,1,0,0,0,0,0,0,0,0,0,0,0,0,0,1,0,0,0,0,0,0,0,0,1,1,1,0,0,0,255,0,0,0,0,YLT/luV9C6yd50ATsqiwYZXBmKeahKsc25YFhphwf3o=
253,Long Dagger,178,0,0,10,0,0,0,0,0,0,0,0,0,0,0,0,13,0,0,0,0,0,0,0,0,0,5,1,1,4,0,1,255,50,0,2,0,Bk53PR7IRUtrnitTnIPRlff9ZkIBrmuaWnMAiUq3dig=
254,Magical Sword,178,0,0,46,0,0,0,0,0,0,0,0,0,0,0,16,15,0,0,0,0,0,0,0,0,0,3,4,1,10,0,1,255,75,0,8,0,lgxQqaXbORARKLm4PUAc1qi9LfF/L1cwR9GM8c39+0o=
255,Weak Spell,100,0,0,80,0,0,0,0,0,0,0,0,0,0,12,12,0,0,0,0,0,0,0,0,0,0,3,2,0,0,0,0,255,255,0,0,0,++5if1HdRq1m3PqaqsfyuynM95ZUWeZvCNJDFZz5dWQ=
256,Spell,100,0,0,720,0,0,0,0,0,0,0,0,13,0,12,12,0,0,0,0,0,0,0,0,0,0,3,3,0,0,0,0,255,255,0,0,0,IWe4Thpb4DFmSzWadqdk+ydAszZtPvS/A7+lfAU6D7c=
257,Small Axe,178,76,0,13,0,0,0,0,0,0,0,0,0,0,0,0,22,15,0,0,0,0,0,0,0,0,3,3,1,12,0,1,255,67,0,0,0,oZW29nxx3/IKsZYVfPICBv4lFqhOG+UOwfN1XZzExzU=
258,Small Axe,178,0,0,1,0,0,0,0,0,0,0,0,0,0,0,0,0,15,0,0,0,0,0,0,0,0,3,3,0,12,0,1,255,67,0,1,0,ikgZ2MLuUi9ZZuBNvlf0wRKD4QV5BBkch+Dh842P2U8=
259,Incantation,100,0,0,3280,0,0,0,0,0,0,0,13,13,0,12,12,0,0,0,0,0,0,0,0,0,0,3,3,0,0,0,0,255,67,0,0,0,rpcMadkWjhsjdaLaSDKCk2zih6yjZI5AY/0wr6fXKpg=
260,Strong Spell,100,0,0,13520,0,0,0,0,0,0,13,13,13,0,12,12,0,0,0,0,0,0,0,0,0,0,3,3,0,0,0,0,255,67,0,0,0,gL4t3sjObYvKmNrwtWV6YeSNCsFL7xFRPRuFauR+hjA=
261,Dazzling Spell,100,0,0,896,0,0,0,0,0,0,15,0,0,0,0,0,0,0,0,0,0,0,0,0,0,0,3,3,0,0,0,0,255,67,0,0,0,ff1cptV4kqBaA1SscEbf1i9a9PeB8MlD+zi1LMwd2/c=
262,Poisoned Shiriken,178,0,0,80,0,0,0,0,0,0,0,0,0,0,12,16,0,0,0,0,0,0,0,0,0,0,3,3,0,0,0,1,255,0,0,3,0,aCyE8kXJHYNxcpzuwGRbtnc5UcpPJaiOR3x26Ug8gj0=
263,Strangling Wire,178,0,0,12,0,0,0,0,0,0,0,0,0,0,0,0,22,0,0,0,0,0,0,0,0,0,3,3,1,0,0,2,255,0,0,1,0,Fd40TUHVcTmUNXIUFxjr51vuzgKXBBXRBLUe9cDiYwM=
264,Poisoned Dagger,178,0,0,12,0,0,0,0,0,0,0,0,0,0,0,0,22,0,0,0,0,0,0,0,0,0,3,3,1,5,0,1,255,0,0,2,0,IhzitgGeCB3u0nNmrVFr+9HrH5u9rHuee9wJFEnKyjs=
265,Overpowering Spell,100,0,0,21836,0,0,0,0,0,0,12,12,12,12,12,11,0,0,0,0,0,0,0,0,0,0,3,3,0,0,0,0,255,0,0,0,0,WQ9FIdTfh2tpfTFeyia2fMyekiPk9JNAeWCMgTN6i5M=
266,Knurly Club,178,0,0,11,0,0,0,0,0,0,0,0,0,0,0,0,21,1,0,0,0,0,0,0,0,0,3,3,1,7,0,1,255,75,0,1,0,xi7J1xeFf5flKH3rgHWO2wqDsyxLNi7tMD7J4jSCof0=
267,Warhammer,178,0,0,1,0,0,0,0,0,0,0,0,0,0,0,0,0,15,0,0,0,0,0,0,0,0,3,3,1,15,0,2,255,0,0,1,0,Od7Ou/LIYFTkm+4QE0SvJG0U9gjn+3AazbZK5nIc6J4=
268,Spear,178,25,0,16,0,0,0,0,0,0,0,0,0,0,0,0,24,0,0,0,0,0,0,0,0,0,3,3,1,13,0,2,255,0,0,0,0,I7jfNIXTs5hNYSEbSDJXANpixZJEeQ3vMT7ol4iQyQo=
269,Sharp Sword,178,0,0,16,0,0,0,0,0,0,0,0,0,0,0,0,24,0,0,0,0,0,0,0,0,0,3,3,1,7,0,1,255,75,0,2,0,sYTTV68ahkWqsMgi70qIav2AwjFBGJdSJWVTt+aey4c=
270,Claws,100,0,0,13,0,0,0,0,0,0,0,0,0,0,0,0,22,1,0,0,0,0,0,0,0,0,3,3,1,0,0,0,255,0,0,0,0,IJHcPWDWQeAC9XFd8KZDb941A+kNjhUVi3qiQEp7sx4=
271,Teeth,100,0,0,7,0,0,0,0,0,0,0,0,0,0,0,0,11,1,0,0,0,0,0,0,0,0,3,3,1,0,0,0,255,0,0,0,0,5tUNbeUztcnPpXIcOD6ZjNGX7hJ/eas88ipaa3EGyks=
272,Foaming Teeth,100,0,0,12,0,0,0,0,0,0,0,0,0,0,0,0,14,0,0,0,0,0,0,0,0,0,3,3,1,0,0,0,255,0,0,0,0,sif+EmNLOXAHRcmQgRewoXFfQTvTT/SEqPcfSLXgAfI=
273,Yellow Claws,100,0,0,9,0,0,0,0,0,0,0,0,0,0,0,0,12,1,0,0,0,0,0,0,0,0,3,3,1,0,0,0,255,0,0,0,0,hxFoh8X4tCxBPq4nV1eg70GGzq7dRbLikPgehFmtZxc=
274,Sharp Teeth,100,0,0,14,0,0,0,0,0,0,0,0,0,0,0,0,23,0,0,0,0,0,0,0,0,0,3,3,1,0,0,0,255,0,0,0,0,7H6BqsT6vOmZ87QqmlGJLE6WszRw55V0h3c7tvPMvaM=
275,Claws,100,0,0,13,0,0,0,0,0,0,0,0,0,0,0,0,22,1,0,0,0,0,0,0,0,0,3,3,1,0,0,0,255,0,0,0,0,T9vIbkZLpkGNzahwZTjEphewwK/KIH92Z/wgDPo+v2I=
276,Burst Of Spores,100,0,0,32,0,0,0,0,0,0,0,0,0,0,0,32,0,0,0,0,0,0,0,0,0,0,3,3,0,0,0,0,255,0,0,0,0,PSVWn8htyVNcCdeDNYSbGZLNu/NQRj7wblx9kn+Uj4M=
277,Acid Slime,100,0,0,504,0,0,0,0,0,0,0,0,11,11,0,22,0,0,0,0,0,0,0,0,0,0,3,3,0,0,0,0,255,0,0,0,0,AZsTqsmK9gOEVGn459cxGXWxqwzPfFo7xd79ngeDTs4=
278,Corrosive Goo,100,0,0,492,0,0,0,0,0,0,0,0,11,11,0,11,0,0,0,0,0,0,0,0,0,0,3,3,0,0,0,0,255,0,0,0,0,KEAj3b86fKA4hH7Y5b6fjcCMkVvtLZjrHBpxAJjdUCI=
279,Nauseating Gunk,100,0,0,524,0,0,0,0,0,0,0,12,0,0,0,11,0,0,0,0,0,0,0,0,0,0,3,3,0,0,0,0,255,0,0,0,0,Ob1tlKA9Vjq2Tppcr4pSpK8LHWff8Go+a9RAaF/tlyw=
280,Teeth,100,0,0,14,0,0,0,0,0,0,0,0,0,0,0,0,15,0,0,0,0,0,0,0,0,0,3,3,1,0,0,0,255,0,0,0,0,u96da9iSz9uQHo7qgS4E+k4OpxFsuKhnQGQKb04MsAY=
281,Tail,100,0,0,1,0,0,0,0,0,0,0,0,0,0,0,0,0,1,0,0,0,0,0,0,0,0,3,3,1,0,0,0,255,0,0,0,0,zCraYg4qvIzb5dCv1uxutp/VLnHBI9O/qHs1eyvYM9g=
282,Scorching Breath Of Fire,100,0,0,64,0,0,0,0,0,0,0,0,0,20,0,0,0,0,0,0,0,0,0,0,0,0,3,3,0,0,0,0,255,0,0,0,0,SIIvDhXfgA9AD2jH/Dyvpq7AZmW5scqVabluTDWAz/E=
283,Claws,100,0,0,9,0,0,0,0,0,0,0,0,0,0,0,0,12,1,0,0,0,0,0,0,0,0,3,3,1,0,0,0,255,0,0,0,0,Ig3xekYzTmz2XnHfLOpTmh7pSDf72/+XOODDl3pdknw=
284,Blood Sucking Fangs,100,0,0,100,0,0,0,0,0,0,0,0,0,0,0,18,18,0,0,0,0,0,0,0,0,0,3,3,1,0,0,0,255,0,0,0,0,hgVrGUvblQhaM62pyCj/AmBzKWW3rPvi/697mEn+9J0=
285,Sickle,178,36,0,20,0,0,0,0,0,0,0,0,0,0,0,0,34,0,0,0,0,0,0,0,0,0,3,3,1,14,0,2,255,0,0,0,0,6HSmFNXHe7heCMMxAFeRP3+uf3NO5Q+guiw+xgXzMk4=
286,Pieces Of Flesh,100,0,0,0,0,0,0,0,0,0,0,0,0,0,0,0,0,0,0,0,0,0,0,0,0,0,3,3,0,0,0,0,255,0,0,0,0,DFYWT7i15n9e1b4dUa45SV9TL1jJRICZLVabjRmymd8=
287,Strangle Hold,100,0,0,41,0,0,0,0,0,0,0,0,0,0,13,0,0,1,0,0,0,0,0,0,0,0,3,3,1,0,0,0,255,0,0,0,0,zr76pCqyLO5KU/veK1t40XG5joNTQzo1AS5lCTb30no=
288,Poisonous Tail,100,0,0,521,0,0,0,0,0,0,0,12,0,0,0,0,12,1,0,0,0,0,0,0,0,0,3,3,0,0,0,0,255,0,0,0,0,nZeY/A6UrMqul9Esn5cOsusohcrumm0SComGBU48Fow=
289,Soul Wrenching Grasp,100,0,0,512,0,0,0,0,0,0,12,0,0,0,0,0,0,0,0,0,0,0,0,0,0,0,3,3,0,0,0,0,255,0,0,0,0,VohZnCqqHMpDeHzZYRyrZla2cHfd0U0B86XP6zZmhFc=
290,Claws,100,0,0,9,0,0,0,0,0,0,0,0,0,0,0,0,12,1,0,0,0,0,0,0,0,0,3,3,1,0,0,0,255,0,0,0,0,hxWt2KzEGgIzSG1oX5D2Cse2BFCZrfu614N3JmQbJbo=
291,Crushing Blow,100,0,0,1,0,0,0,0,0,0,0,0,0,0,0,0,0,1,0,0,0,0,0,0,0,0,3,3,1,0,0,0,255,0,0,0,0,DEIWoUyY5+m+goxJxeZUagaRz62hjeboDJbZKUHzYD8=
292,Bone Chilling Scream,100,0,0,384,0,0,0,0,0,0,3,0,0,0,0,0,0,0,0,0,0,0,0,0,0,0,3,3,0,0,0,0,255,0,0,0,0,5MOqmVBA5aMVPzoyG2d0caeu48PxnJ2s8ugdhP2N1Ok=
293,Moans,100,0,0,640,0,0,0,0,0,0,13,0,0,0,0,0,0,0,0,0,0,0,0,0,0,0,3,3,0,0,0,0,255,0,0,0,0,CJ1k4ljbuvepmodKvf0x2wCZGW0pdoD8U86O132xpSI=
294,Invisible Chains,100,0,0,640,0,0,0,0,0,0,13,0,0,0,0,0,0,0,0,0,0,0,0,0,0,0,3,3,0,0,0,0,255,0,0,0,0,pAX6Q8HAZzrkrcQfV2bhepyLOFeLohZkfSN3YO0xAv0=
295,Festering Touch,100,0,0,2560,0,0,0,0,0,12,12,0,0,0,0,0,0,0,0,0,0,0,0,0,0,0,3,3,0,0,0,0,255,0,0,0,0,SyxKGb+Bd1KPcQlFNINCNymmljiugOBVSueVRqIpjM8=
296,Heart-Breaking Moan,100,0,0,512,0,0,0,0,0,0,12,0,0,0,0,0,0,0,0,0,0,0,0,0,0,0,3,3,0,0,0,0,255,0,0,0,0,4CNntda0NlK+Vo8pIg6VhO6GJWoQmozpYngj7syoqg4=
297,Bolt Of Lightning,100,0,0,576,0,0,0,0,0,0,0,17,0,0,0,0,0,0,0,0,0,0,0,0,0,0,3,3,0,0,0,0,255,0,0,0,0,WIm58p1LFn5ggAnuLvZFp41o34NV4PjORmxMUdwYvm8=
298,Bone-Chilling Touch,100,0,0,5696,0,0,0,0,0,12,13,13,0,0,0,0,0,0,0,0,0,0,0,0,0,0,3,3,0,0,0,0,255,0,0,0,0,vQQu8YKyrPS4ZKLqL6jGhpxj7VA1za/th8Pf7gmWaQM=
299,Tower Shield,178,60,0,8,0,0,0,0,0,0,0,0,0,0,0,0,0,15,0,0,0,0,0,0,0,0,0,0,1,16,0,1,255,86,0,0,0,cVPD1xGCIsf9tJlYPWUmbtlR1kuYtO4jMbv4TcOawlE=
300,War Net,178,27,0,10,0,0,0,0,0,0,0,0,0,0,0,0,0,15,0,0,0,0,0,0,0,0,0,0,1,7,0,2,255,67,0,0,0,htDuuZhdDYgSDiJslexpzArrwnGzvg2yThOdrTDMRBw=
301,Spiked Shield,178,39,0,26,0,0,0,0,0,0,0,0,0,0,0,0,13,15,0,0,0,0,0,0,0,0,0,0,1,15,0,1,255,80,0,0,0,UWTf6Nh1MlS0cgAcFjyibmJbAju7f/FKq1Ha8+QJA54=
302,Shield,178,25,0,1,0,0,0,0,0,0,0,0,0,0,0,0,0,1,0,0,0,0,0,0,0,0,0,0,1,12,0,1,255,80,0,0,0,onAuzwXPkaeONpVXMsi2uuPJdT8EDV+i88ZM6wIPFMQ=
303,Small Shield,178,48,0,1,0,0,0,0,0,0,0,0,0,0,0,0,0,1,0,0,0,0,0,0,0,0,0,0,1,10,0,1,255,75,0,0,0,DWyQhxJzJEMy8LvzitjudWt6G4qgQDXUChwjQoQ5jbk=
304,Stiletto,178,0,0,14,0,0,0,0,0,0,0,0,0,0,0,0,15,0,0,0,0,0,0,0,0,0,0,0,0,3,0,1,255,0,0,1,0,4CFe4r0WJeE5c80hioTFWe8Xv5ssoS+B8BR5klFX47M=
305,Dagger,178,0,0,14,0,0,0,0,0,0,0,0,0,0,0,0,15,0,0,0,0,0,0,0,0,0,0,0,0,2,0,1,255,0,0,1,0,qPJlHg941knVshNpSHwcvd55mHefHOKcRNP9SnA46gY=
306,Whip,178,0,0,1,0,0,0,0,0,0,0,0,0,0,0,0,0,15,0,0,0,0,0,0,0,0,0,0,0,3,0,1,255,50,0,1,0,JuIo+SChckZpkC0KcwVXnHoFQ/EqgbiHMRAuwelR4rk=
307,Short Sword,178,0,0,15,0,0,0,0,0,0,0,0,0,0,0,0,15,15,0,0,0,0,0,0,0,0,0,0,0,7,0,1,255,50,0,1,0,WHcuhulTSy4PP+AKhRQakTDpMBMKoicJTwSxlEI4U7M=
308,Flail,178,0,0,1,0,0,0,0,0,0,0,0,0,0,0,0,0,15,0,0,0,0,0,0,0,0,0,0,0,9,0,1,255,67,0,1,0,n17LKVMGtw9zxAuvG/U+U8pHuxURK9u1Vg9KFuI9xUw=
309,Battle Axe,178,0,0,23,0,0,0,0,0,0,0,0,0,0,0,0,27,15,0,0,0,0,0,0,0,0,0,0,1,13,0,2,255,67,0,1,0,G+kjTTMQl4+6q4aKhI5C3gAvf1I/8rfS9t1Ysx+/nAA=
310,Sword,178,0,0,13,0,0,0,0,0,0,0,0,0,0,0,0,14,15,0,0,0,0,0,0,0,0,0,0,0,7,0,1,255,50,0,1,0,V79277anEuVG2zt8VK2kzCYNCt4f6zvahHRqbdWlWFo=
311,Battle Hammer,178,0,0,1,0,0,0,0,0,0,0,0,0,0,0,0,0,15,0,0,0,0,0,0,0,0,0,0,0,15,0,2,255,67,0,1,0,S3KVs/QAtgKqqQxjlUQQUDaU5VSczxEt/Ycy8QVlFFI=
312,Longsword,178,0,0,15,0,0,0,0,0,0,0,0,0,0,0,0,15,15,0,0,0,0,0,0,0,0,0,0,0,12,0,2,255,67,0,2,0,oZoiRhy1E7+dXhU8LZqCPH7+n2eNSKD7Iv+zRasOPqM=
313,Magical Flamesword,178,0,0,233,0,0,0,0,0,0,0,0,0,15,0,0,18,15,0,0,0,0,0,0,0,0,0,0,0,15,0,2,255,67,0,7,0,PI1p2TPFwNstXo4iv0mBc4Dvd2Z21D6CBBJapXIQKyQ=
314,Lit Torch,178,0,0,81,0,0,0,0,0,0,0,0,0,13,0,0,0,1,0,0,0,0,0,0,0,0,0,0,1,1,0,1,0,50,0,1,0,mKL63+e9jc2G8ccuA5jEZHisl86bNA+Kdr/tsB1AtRY=
315,Kris Knife,178,0,0,20,0,0,0,0,0,0,0,0,0,0,0,0,18,0,0,0,0,0,0,0,0,0,0,0,0,1,0,1,255,50,0,1,0,y62Wk2sKuKDiNoRkoJy3f3ItOGiTqtc/Fe8ZV5TeWaY=
316,Sharp Pointy Teeth,100,0,0,12,0,0,0,0,0,0,0,0,0,0,0,0,14,0,0,0,0,0,0,0,0,0,0,0,1,0,0,0,255,50,0,0,0,q1Q4HPzRF2RAl/HPWyhLdHpc6baz1/WYgvIQYYuOGGc=
317,Chain,178,0,0,1,0,0,0,0,0,0,0,0,0,0,0,0,0,15,0,0,0,0,0,0,0,0,0,0,1,3,0,1,255,50,0,4,0,8bK4Nsh19vEheDG+CeDv8QjbCDmtKVjI75Yjj35zjrA=
318,Broadsword,178,0,0,20,0,0,0,0,0,0,0,0,0,0,0,0,18,0,0,0,0,0,0,0,0,0,0,0,0,9,0,1,255,50,0,2,0,r8ZiruYePDVCaXxeHUguirtcVOivFCcZBapM+SeO9ws=
319,Hardened Fist,100,0,0,1,0,0,0,0,0,0,0,0,0,0,0,0,0,1,0,0,0,0,0,0,0,0,0,0,0,0,0,0,255,50,0,0,0,5LNSF4FW6YPdjNkIOP3FZbCDI6GIeim+gK6AXZ+CL84=
320,Bare Foot,100,0,0,1,0,0,0,0,0,0,0,0,0,0,0,0,0,1,0,0,0,0,0,0,0,0,0,0,0,0,0,0,255,50,0,0,0,onKsXmVLEMAwcLye0ERj7wHKGChfgzt5/eINZavzks4=
321,Longsword,178,0,0,17,0,0,0,0,0,0,0,0,0,0,0,0,24,15,0,0,0,0,0,0,0,0,0,0,1,12,0,2,255,50,0,2,0,kdX2LI++qMKPzdvMws7z6i0WNe1aRCiHw5fBxdASPGQ=
322,Talons,100,0,0,10,0,0,0,0,0,0,0,0,0,0,0,0,13,0,0,0,0,0,0,0,0,0,0,0,1,0,0,0,255,50,0,0,0,Jc3q4yu3pKVFwdR6Fg1r36OvoCrYuUETaFPKXf8dOcQ=
323,Sceptre Of Evil,178,0,0,4097,0,0,0,0,24,0,0,0,0,0,0,0,0,15,0,0,0,0,0,0,50,0,10,28,1,16,40,2,255,10,0,6,0,tQN7gL/r85o8qPmByRoRtXYQlZXhNmCN3Iu/hBNxp2c=
324,Razor Ice,178,0,0,20502,0,0,0,18,0,0,0,0,0,0,0,0,27,0,0,0,0,0,0,0,20,0,0,0,1,7,0,1,255,50,0,9,0,ixuSpaBFeB4IuQV8j4Iv9JPCewQE+HxSaYjrCAFZPZU=
325,Sword Of The Adept,178,0,0,22,0,0,0,0,0,0,0,0,0,0,0,0,27,0,0,0,0,0,0,0,255,0,10,10,1,10,0,1,255,50,0,4,0,5WhSkT90Zdy2mOuQDrm3YIm7PbXzh7rqOG5xYfN+ahA=
326,Claymore,178,0,0,25,0,0,0,0,0,0,0,0,0,0,0,0,28,15,0,0,0,0,0,0,30,0,28,20,1,19,0,2,255,15,0,2,0,i8xknujIZOA14GAFwWSLfONjNRTZ22LJc2hzzWFFJa4=
327,Ebon Blade,178,0,0,2068,0,0,0,0,0,0,24,0,0,0,0,0,26,0,0,0,0,0,0,0,50,0,18,18,1,10,0,1,255,15,0,4,0,fwMqKwVLfUJXY4M3eu/xN1jdkntnkbbMSr6TiiP2dkU=
328,Freezing Breath,100,0,0,12308,0,0,0,30,0,0,0,0,0,0,0,0,26,0,0,0,0,0,0,0,0,0,0,0,0,0,0,0,255,0,0,0,0,AdHooFcqw97DfPYZPRzBCpo60OvO16ZEFSdOWDIGUEg=
329,Teeth,100,0,0,23,0,0,0,0,0,0,0,0,0,0,0,0,27,1,0,0,0,0,0,0,0,0,0,0,0,0,0,0,255,0,0,0,0,SoIti8AnLwRaxN+4ewV5yDTjOjuurFdmWoQ7LuhNVPY=
330,Claw,100,0,0,21,0,0,0,0,0,0,0,0,0,0,0,0,26,1,0,0,0,0,0,0,0,0,0,0,0,0,0,0,255,0,0,0,0,1ppkIVNVK24Q0PTSTUwi1PP+nbESdPg6q5lY0KLRTs4=
331,Slimy Tentacle,100,0,0,9,0,0,0,0,0,0,0,0,0,0,0,0,12,1,0,0,0,0,0,0,0,0,0,0,0,0,0,0,255,0,0,0,0,HtMoH1WHRxMDpT2sX2K/bg34UlIk5Ah6JJOGJuaMfHI=
332,Bony Claw,100,0,0,12,0,0,0,0,0,0,0,0,0,0,0,0,14,0,0,0,0,0,0,0,0,0,0,0,0,0,0,0,255,0,0,0,0,buQ1SMaa1cq/FAWZK+A9bhniN1gQV9HRc8I8TmbC+oM=
333,Talons,100,0,0,10,0,0,0,0,0,0,0,0,0,0,0,0,13,0,0,0,0,0,0,0,0,0,0,0,0,0,0,0,255,0,0,0,0,PgaI4e+gnspoBK2972SCNvJQ9YcrKsQYU1i8b7zFkKk=
334,Sickle,178,0,0,14,0,0,0,0,0,0,0,0,0,0,0,0,26,0,0,0,0,0,0,0,14,0,10,10,0,7,0,2,255,4,0,1,0,AdL9SFHcGIfcgSR9uEFWDbPmCQKXH7Y07kEURDq7jNM=
335,Sceptre Of Chaos,178,0,0,9217,0,0,0,0,16,0,16,0,0,0,0,0,0,15,0,0,0,0,0,0,40,0,0,0,0,3,0,2,255,0,0,1,0,ihlCg3NU4yhxycN13/4M82Ix1+Y7S1o6sgTS/zt/xDA=
336,Golden Spear,178,0,0,96,0,0,0,0,0,0,0,0,0,0,0,18,16,0,0,0,0,0,0,0,28,0,14,18,0,10,0,1,255,30,0,6,0,aNISpc2pUFs+HqijWGkdQTKLkUmeJDmYEP9X9KQ9kWI=
337,Dripping Fangs,100,0,0,534,0,0,0,0,0,0,0,0,16,0,0,0,19,0,0,0,0,0,0,0,0,0,0,0,0,0,0,0,255,0,0,0,0,enZr2pKjjCvGOx5CkRpyyqb1NqGAjK8UrVwRvrdmQG8=
338,Unholy Mace,178,0,0,8201,0,0,0,0,16,0,0,0,0,0,0,0,23,15,0,0,0,0,0,0,48,0,18,20,0,10,0,2,255,15,0,6,0,uqqknTOhf4ovtC1sXUFxok4RkCBb3dM3USBguygbNzU=
339,Onyx Scythe,178,0,0,12,0,0,0,0,0,0,0,0,0,0,0,0,39,0,0,0,0,0,0,0,40,0,20,20,0,14,0,2,255,20,0,4,0,YmQJ1fhuCXaTPRrUgzAVKX0Md8E1Qt7h7wXrCcNmwXA=
340,Stealer Of Souls,178,0,0,11284,0,0,0,24,128,0,0,0,0,0,0,0,26,0,0,0,0,0,0,0,80,0,14,14,0,15,20,2,255,18,0,9,0,fY4kD+V1U3+LoCmR+6IN53GLdOy7u+5Hk5psfP71ZrU=
341,Unholy Sword,178,0,0,13337,0,0,0,0,14,0,12,0,0,0,0,0,28,15,0,0,0,0,0,0,80,0,30,20,0,19,20,2,255,15,0,7,0,LbcpbLx1f1+t9u7x1cUrhTJErnqXtSyuMjlAqQqRlOo=
342,Sword Of Demons,178,0,0,8213,0,0,0,0,24,0,0,0,0,0,0,0,18,15,0,0,0,0,0,0,24,0,18,18,0,10,20,2,255,15,0,5,0,dB3X0+mAKBxrdJa/4kD1CwWMh+aRHt8/QrzYO6unM8U=
343,Flaming Pitchfork,178,0,0,182,0,0,0,0,0,0,0,0,0,16,0,0,19,0,0,0,0,0,0,0,20,0,20,20,0,12,0,2,255,20,0,7,0,gsRQQgmNYLO2oeQnRQjlWPX4AkKAmjNkDRvhrJXSHjo=
344,Thunder Hammer,178,0,0,1,0,0,0,0,0,0,0,0,0,0,0,0,0,15,0,0,0,0,0,0,40,0,40,40,0,13,0,2,255,8,0,2,0,CDkGq4QtG1/58Wn+P4U+SRYKTchkLWki+PPZVRrHb3c=
345,Flying Debris,100,0,0,121,0,0,0,0,0,0,0,0,0,0,14,14,0,1,0,0,0,0,0,0,0,0,0,0,0,0,0,0,255,20,0,0,0,j2UuOFJneSzrZG0UoxI8EEoLQWf4d7gzpfj1izbGPXE=
346,Ripping Winds,100,0,0,48,0,0,0,0,0,0,0,0,0,0,30,0,0,0,0,0,0,0,0,0,0,0,0,0,0,0,0,0,255,0,0,0,0,9CAQjXgkCMNmyqLydsuUVoTxJy+lIlblFuatXP+JCyY=
347,Lightning Bolt,100,0,0,256,0,0,0,0,0,0,0,20,0,0,0,0,0,0,0,0,0,0,0,0,0,0,0,0,0,0,0,0,255,0,0,0,0,/izKkAyO5byLnGgzomp/XSMiM9HBTmRml6YYWWSTO3g=
348,Hugh Jaws,100,0,0,24,0,0,0,0,0,0,0,0,0,0,0,0,44,0,0,0,0,0,0,0,0,0,0,0,0,0,0,0,255,0,0,0,0,MD7KP77S1QGwiniAIiEHIVkIGFwW8Gkq2hPHqN6n8QU=
349,Hugh Jaws,100,0,0,9,0,0,0,0,0,0,0,0,0,0,0,0,12,1,0,0,0,0,0,0,0,0,0,0,0,0,0,0,255,0,0,0,0,v3CiPDpoyQxuE/vp2Qg2aNWjaO6fD/0G2wj8ACaS8HE=
350,Spiked Tail,100,0,0,17,0,0,0,0,0,0,0,0,0,0,0,0,24,1,0,0,0,0,0,0,0,0,0,0,0,0,0,0,255,0,0,0,0,49I0y8DPiuISBW0uJyguZ7Y1X4vRWsamWF+hSWwZL1o=
351,Dripping Canines,100,0,0,16,0,0,0,0,0,0,0,0,0,0,0,0,16,0,0,0,0,0,0,0,0,0,0,0,0,0,0,0,255,0,0,0,0,izkD98rBOd6ruxQk0jD0VHgdxncIpeway9nH/oweF3s=
352,Fiery Talons,100,0,0,4268,0,0,0,0,0,12,0,0,0,13,0,0,14,0,0,0,0,0,0,0,0,0,0,0,0,0,0,0,255,0,0,0,0,pzkBtsmw84RgR1sngnWNWuoE4gug89VVb4y0y3F+fck=
353,Immolation,100,0,0,96,0,0,0,0,0,0,0,0,0,30,0,0,0,0,0,0,0,0,0,0,0,0,0,0,0,0,0,0,255,0,0,0,0,aWgkJN52Sx9I8g67343s5IuQ+0M3XZPi9Kxqp2N3bwY=
354,Slimy Tentacle,100,0,0,0,0,0,0,0,0,0,0,0,0,0,0,0,18,40,0,0,0,0,0,0,0,0,0,0,0,0,0,0,255,0,0,0,0,ulB6+hOD3+y4+/GNHyco0nWen/DeAC27cfO3lVhyOJE=
355,Stilletto,178,0,0,0,0,0,0,0,0,0,0,0,0,0,0,0,21,0,0,0,0,0,0,0,0,0,0,0,0,3,0,1,255,0,0,1,0,xndA4TDTXQD57D1Ur2hR2Pbg9E0J0HSszskepViDRoU=
356,Skean,178,21,0,0,0,0,0,0,0,0,0,0,0,0,0,0,24,0,0,0,0,0,0,0,0,0,0,0,0,7,0,1,255,0,0,0,0,vCg8Xxs0oqgU0KDINqSsUT+i/JSC+ncVju+jZWTsNjs=
357,Nasty Knife,178,0,0,0,0,0,0,0,0,0,0,0,0,0,0,0,22,0,0,0,0,0,0,0,0,0,0,0,0,2,0,1,255,0,0,1,0,rPGyIyvOM8I1dK+4n+8taL18UHFTd34XgDDXezkzEiM=
358,Kris Knife,178,0,0,0,0,0,0,0,0,0,0,0,0,0,0,0,36,0,0,0,0,0,0,0,0,0,0,0,0,3,0,1,255,0,0,1,0,3d7fi7GEc21L2e6A6etKLQHxrt7zc7uQ7RV6d6Gra/I=
359,Opal Cutlass,178,0,0,0,0,0,0,0,0,0,0,0,0,0,0,0,26,0,0,0,0,0,0,0,0,0,0,0,0,5,0,1,255,0,0,5,0,rgqgGJPiJZUgqTF3gZsBwW3THvtmfRgmURebyXBk75s=
360,Damascus Dagger,178,0,0,0,0,0,0,0,0,0,34,0,0,0,0,0,53,0,0,0,0,0,0,0,0,0,0,0,0,3,0,1,255,0,0,1,0,GUFMJ5VrcNLTB1cfU14+I6KaUhQNjNACfTBNqamftIY=
361,Katar,178,0,0,0,0,0,0,0,0,0,0,0,0,0,0,0,36,24,0,0,0,0,0,0,0,0,0,0,0,3,0,1,255,0,0,1,0,VQXydBaFcM81ncZs/ffDfGlrlXWXy397Dc3yU3RhCak=
362,Katar,178,0,0,0,0,0,0,0,0,0,0,0,0,0,0,0,36,24,0,0,0,0,0,0,0,0,0,0,0,3,0,1,255,0,0,1,0,FDl2Jnh865vx5G60Cpk7Gv6S5QrvmkrvbAqkKbLC1Vk=
363,Katana,178,0,0,0,0,0,0,0,0,0,0,0,0,0,0,0,38,0,0,0,0,0,0,0,0,0,0,0,0,7,0,2,255,0,0,2,0,Afrb8NO7Qt9G7UoPGp2imFBqDNNVpUz+bLRE65ujgiQ=
364,Battle Axe,178,0,0,0,0,0,0,0,0,0,0,0,0,0,0,0,39,18,0,0,0,0,0,0,0,0,0,0,1,12,0,2,255,0,0,1,0,e8MtDNaVw5CJeWZ1NCPHvX95iwdoWer71UJQC8stlPY=
365,War Hammer,178,0,0,0,0,0,0,0,0,0,0,0,0,0,0,0,0,36,0,0,0,0,0,0,0,0,0,0,1,14,0,2,255,0,0,3,0,wsc9jJOzuvmBAEGIbDXWcUAGah6/7EkSWeoK5X2Xi34=
366,Halberd,178,0,0,0,0,0,0,0,0,0,0,0,0,0,0,0,38,17,0,0,0,0,0,0,0,0,0,0,1,18,0,2,255,0,0,2,0,LhJOzUtGz1ZAHGYy8ssUTOAEUnv/zrDpy2l5rOuunKk=
367,Halberd,178,0,0,0,0,0,0,0,0,0,0,0,0,0,0,0,38,17,0,0,0,0,0,0,0,0,0,0,1,18,0,2,255,0,0,2,0,yGJwXnN7tzDYvUDnlMocPbc9aMTX22PqfrrTJpnUJWk=
368,Great Axe,178,0,0,0,0,0,0,0,0,0,0,0,0,0,0,0,46,18,0,0,0,0,0,0,0,0,0,0,1,18,0,2,255,0,0,2,0,7b46u8IaUENvOmNBm7HThdFTYBQMfNk5uorbCXwkZ7I=
369,Sceptre Of Chaos,178,0,0,0,0,0,0,69,146,0,0,19,0,12,255,165,255,136,0,0,0,0,0,0,0,0,0,0,1,17,0,2,255,0,0,9,0,mlOPg1fcAALoVGuW2M+9QezuUZ/x6O9XM5bas7jdm6g=
370,Ebon Blade,178,0,0,0,0,0,0,0,0,0,36,0,0,0,0,0,38,0,0,0,0,0,0,0,0,0,0,0,0,12,0,1,255,0,0,4,0,aAenTsjy0ERo6N3VkBWOyDV4PqrdOHuWr+KNX+mFcJU=
371,Gladius,178,0,0,0,0,0,0,0,0,0,0,0,0,0,0,0,35,0,0,0,0,0,0,0,0,0,0,0,0,9,0,1,255,0,0,3,0,3ooZhyKaE1A12lepiv7s/Tgd7Df64V7QJGiQruiFWys=
372,Longsword,178,0,0,0,0,0,0,0,0,0,0,0,0,0,0,0,36,17,0,0,0,0,0,0,0,0,0,0,0,12,0,2,255,0,0,2,0,zNirnbkFuQpGqKODqv8dIZCg4vkW6X4YtCeyRMGJx6A=
373,Sword Of Light,178,0,0,0,0,0,0,0,0,0,0,0,0,0,0,0,26,0,0,0,0,0,0,0,0,0,0,0,0,7,0,1,255,0,0,2,0,MUy1ApnOQKog0TRUYB8tlFjSwJx/vptCKo1ncxck2C0=
374,Long Arm Of The Law,178,0,0,0,0,0,0,17,17,17,17,17,17,17,17,17,17,17,0,0,0,0,0,0,0,0,0,0,0,0,0,2,255,0,0,99,0,H6IwfnwTGjwbuezDodcW5Jc7kVcRcfAlxD/Rsu0jvVY=
375,Broadsword,178,0,0,0,0,0,0,0,0,0,0,0,0,0,0,0,24,0,0,0,0,0,0,0,0,0,0,0,0,13,0,1,255,0,0,2,0,U8NVLHxoQQ8aKBBkC7E7S1CTKstwBiDQJBGf2RzekBk=
376,Mace,178,76,0,0,0,0,0,0,0,0,0,0,0,0,0,0,0,24,0,0,0,0,0,0,0,0,0,0,1,10,0,1,255,0,0,0,0,9X0b9nYa0k3P7fh8+E6QmP+BZsbuN+ZlUob1o8QXFGk=
377,Sword Of Doom,178,0,0,0,0,0,0,0,28,0,0,0,0,0,0,0,36,17,0,0,0,0,0,0,0,0,0,0,0,13,0,2,255,0,0,4,0,iEPAuZNlSGDtotiisnK8BSDI0GnpHX3yEsfhDQx+ceo=
378,Dagger,178,0,0,0,0,0,0,0,0,0,0,0,0,0,0,0,22,0,0,0,0,0,0,0,0,0,0,0,0,1,0,1,255,0,0,1,0,8ejqY0WqGt+eW6Xlqzo11KY21dyASwhl79YDFynwGiU=
379,Claymore,178,0,0,0,0,0,0,0,0,0,0,0,0,0,0,0,42,19,0,0,0,0,0,0,0,0,0,0,1,19,0,2,255,0,0,3,0,5BQmX3r7jygGd2UgGDGBmw4Kqa26rIECNdH3f7YbopA=
380,Flamesword,178,0,0,0,0,0,0,0,0,0,0,0,0,26,0,0,36,17,0,0,0,0,0,0,0,0,0,0,0,19,0,2,255,0,0,6,0,cirZ7m6rRG4C0y/RwFhe9O7AFvmoiZUZnznshS4Tmfo=
381,Hardened Fist,100,0,0,0,0,0,0,0,0,0,0,0,0,0,0,0,0,51,0,0,0,0,0,0,0,0,0,0,0,0,0,0,255,0,0,0,0,YNzrIiSim07smhhWyidoMosXzmvFe+wq1YpuE/JqSec=
382,Bare Foot,100,0,0,0,0,0,0,0,0,0,0,0,0,0,0,0,0,53,0,0,0,0,0,0,0,0,0,0,0,0,0,0,255,0,0,0,0,xekVRpV4h7yiXJzsDyMwOqQ7AhyNkWZBZHxI0wP/6vs=
383,Broadsword,178,0,0,0,0,0,0,0,0,0,0,0,0,0,0,0,24,0,0,0,0,0,0,0,0,0,0,0,1,8,0,1,255,0,0,3,0,Acf74xQMKt40E0vQDvBsBhw+8fPHe9bSJ9vewK+gQ68=
384,Ruby Rapier,178,0,0,0,0,0,0,0,0,0,0,19,0,24,0,0,37,0,0,0,0,0,0,0,0,0,0,0,0,9,0,1,255,0,0,6,0,396eBdVyge71eo6ZNy7sjqDaY8v52NcDy1L2M/dlv+o=
385,Beam Weapon,178,0,0,0,0,0,0,0,0,0,0,140,0,0,0,0,0,0,0,0,0,0,0,0,0,0,0,0,0,6,0,3,255,0,0,1,0,2KUbik1a6bdP3IpIMES+Qx6j8apenoNZWRPGAj3mYTk=
386,Staff Of Power,178,0,0,0,0,0,0,0,0,0,19,18,0,0,0,0,0,38,0,0,0,0,0,0,0,0,0,0,1,9,0,2,255,0,0,6,0,hBUjeKXsBgFavCKXWV5AGhjPVkE7Dr3QNdt9IAVpMwI=
387,Serpent Staff,178,0,0,0,0,0,0,0,0,0,0,0,0,0,0,0,22,38,0,0,0,0,0,0,0,0,0,0,1,9,0,2,255,0,0,4,0,v+PrBngSkawuzaLSUk5QhG5NYDInruO9AmAnOFYRtSc=
388,Glass Dagger,178,0,0,0,0,0,0,0,143,143,0,0,0,0,0,0,244,0,0,0,0,0,0,0,0,0,0,0,0,1,0,1,255,0,0,5,0,aTDIHAg6hFz/LCJJTeoovAaQHgkFiU/9IWY97lt6Zco=
389,Dagger,178,0,0,0,0,0,0,0,0,0,0,0,0,0,0,0,23,0,0,0,0,0,0,0,0,0,0,0,0,2,0,1,255,0,0,1,0,91eniaHX6FCmwSbgLvX84tkqfcgiwGNRMtznyBorBHA=
390,Dagger,178,0,0,0,0,0,0,0,0,0,0,0,0,0,0,0,24,0,0,0,0,0,0,0,0,0,0,0,0,2,0,1,255,0,0,1,0,YBb7zwr/ldAnc1diXNnRj5ewiy1XOodYD82M20o3peo=
391,Katar,178,0,0,0,0,0,0,0,0,0,0,0,0,0,0,0,24,0,0,0,0,0,0,0,0,0,0,0,0,3,0,1,255,0,0,1,0,pZ8E1ar52s3MsLAtgruSL3EcTsGbmFAJKM41e9QzPLM=
392,Diamond Dagger,178,0,0,0,0,0,0,0,0,0,0,0,0,0,0,0,31,0,0,0,0,0,0,0,0,0,0,0,0,2,0,1,255,0,0,3,0,3j8I2/SghklRU2zDLtCGX46/HfCfsTKEIIgia1ikko4=
393,Silver Needle,178,0,0,0,0,0,0,0,0,24,24,0,0,0,0,0,38,0,0,0,0,0,0,0,0,0,0,0,0,0,0,1,255,0,0,4,0,YeeGme4HgH6FWIEvGvV9zpqo44UKaRgwwoP80gG82g4=
394,Emerald Knife,178,0,0,0,0,0,0,0,0,0,0,0,0,0,0,24,36,0,0,0,0,0,0,0,0,0,0,0,0,2,0,1,255,0,0,5,0,w7O3kPM/K2V9FbkGQCX8J6oDE3Z+NuVWlvXLnl4c0js=
395,Flying Debris,100,0,0,0,0,0,0,0,0,0,0,0,0,0,20,20,0,40,0,0,0,0,0,0,0,0,0,0,0,0,0,0,255,0,0,0,0,erAQ4W++6IyoKmaQIOFhtSpxi0Qar3PU8fFj5NbkuiI=
396,Ripping Winds,100,0,0,0,0,0,0,0,0,0,0,0,0,0,42,0,0,0,0,0,0,0,0,0,0,0,0,0,0,0,0,0,255,0,0,0,0,6jGp46fRmxte0QAVE1Xs3N83w5pgZBz2/q3Z3n39s88=
397,Lightning Bolt,100,0,0,0,0,0,0,0,0,0,0,26,0,0,0,0,0,0,0,0,0,0,0,0,0,0,0,0,0,0,0,0,255,0,0,0,0,GYWstM6RGXbELuU7HYy9TYrDG68krXKa+954BxCVV3c=
398,Sharp Pointy Teeth,100,0,0,0,0,0,0,0,0,0,0,0,0,0,0,0,20,0,0,0,0,0,0,0,0,0,0,0,0,0,0,0,255,0,0,0,0,orroghz9ga8rv09xHiJOZJ/gxucZnD6hQjbHuv8QOys=
399,Huge Jaws,100,0,0,0,0,0,0,0,0,0,0,0,0,0,0,0,68,0,0,0,0,0,0,0,0,0,0,0,0,0,0,0,255,0,0,0,0,ZUCs66ZOxvogUrKHMzYyAP8Z/0Kq5hz7roV/i53bCYs=
400,Claw,100,0,0,0,0,0,0,0,0,0,0,0,0,0,0,0,18,38,0,0,0,0,0,0,0,0,0,0,0,0,0,0,255,0,0,0,0,r8Esk5oQEsrHoiwslaCtMMfQ62O1wwIU1IhObauca30=
401,Spiked Tail,100,0,0,0,0,0,0,0,0,0,0,0,0,0,0,0,36,38,0,0,0,0,0,0,0,0,0,0,0,0,0,0,255,0,0,0,0,sUotLS1YV158HXd/k4AWuWqE3eUaFBbG+SRGKegmo80=
402,Sword,178,0,0,0,0,0,0,0,0,0,0,0,0,0,0,0,35,0,0,0,0,0,0,0,0,0,0,0,0,7,0,1,255,0,0,1,0,sVoDzvwuIHqvWhtOmNOuPzASIFIP+tPuC3BhSNb3bRQ=
403,Rotting Arm,100,0,0,0,0,0,0,0,0,0,0,0,0,0,0,0,0,22,0,0,0,0,0,0,0,0,0,0,0,0,0,0,255,0,0,0,0,exjodqIvfifiop2RvW8ExFrQAa/M5EzYQP3O74+c+K4=
404,Powerful Hands,100,0,0,0,0,0,0,0,0,0,0,0,0,0,0,0,19,19,0,0,0,0,0,0,0,0,0,0,0,0,0,0,255,0,0,0,0,eN3iC7EEs/Iben+cJDznsus57ysYQajycBYIsRxc7gI=
405,Touch Of Death,100,0,0,0,0,0,0,21,17,0,20,0,0,0,0,0,0,0,0,0,0,0,0,0,0,0,0,0,0,0,0,0,255,0,0,0,0,pX+0F10zxKPXP2rCzUuGw7dfDjQ0hxWtJrhKbFlwZw0=
406,Gaze Of Evil,100,0,0,0,0,0,0,0,22,18,18,0,0,0,0,0,0,0,0,0,0,0,0,0,0,0,0,0,0,0,0,0,255,0,0,0,0,M0W5P+6eZ66EdB7Ms8ccZViyfEXt6WZwYfFnk2u6jvk=
407,Unholy Mace,178,0,0,0,0,0,0,0,26,0,0,0,0,0,0,0,0,26,0,0,0,0,0,0,0,0,0,0,0,12,0,1,255,0,0,6,0,W0wqhmv0nD56TntJF8RopniR8WtPOxqvNl58Br+uNP4=
408,Onyx Scythe,178,0,0,0,0,0,0,0,0,0,0,0,0,0,0,0,42,0,0,0,0,0,0,0,0,0,0,0,1,17,0,2,255,0,0,4,0,qt7otC9Lmm1DPyhAOOVWnzSChV/H5TRH1cjbYqZ0lbc=
409,Stealer Of Souls,178,0,0,0,0,0,0,24,128,0,0,0,0,0,0,0,38,0,0,0,0,0,0,0,0,0,0,0,1,17,0,2,255,0,0,9,0,Rmbd56hKlYUX6/fuydCcgznZoGYWWRGgXxRbT7lscnY=
410,Unholy Sword,178,0,0,0,0,0,0,0,29,0,18,0,0,0,0,0,42,19,0,0,0,0,0,0,0,0,0,0,0,10,0,1,255,0,0,7,0,kqyCXteNZN4T1fab96/Np0PHK7HVqMuBVPInFLxViN8=
411,Yellow Fangs,100,0,0,0,0,0,0,0,0,0,0,0,0,0,0,0,19,0,0,0,0,0,0,0,0,0,0,0,0,0,0,0,255,0,0,0,0,G8U0hjN25o7Gwaz5+2VKIvfyklI7Tn4bGbkzaSOJBxw=
412,Sharp Claws,100,0,0,0,0,0,0,0,0,0,0,0,0,0,0,0,18,0,0,0,0,0,0,0,0,0,0,0,0,0,0,0,255,0,0,0,0,biRu06axGqGt+OTPQBygYaLzlQQOHs0lrDsQX1ftjz4=
413,Powerful Jaws,100,0,0,0,0,0,0,0,0,0,0,0,0,0,0,0,20,20,0,0,0,0,0,0,0,0,0,0,0,0,0,0,255,0,0,0,0,YjTYkPz6Eqg2CpcB74FNhCgLiJuvjQNX56EUFVN7QjQ=
414,Scorching Breath,100,0,0,0,0,0,0,0,0,0,0,0,0,38,0,0,0,0,0,0,0,0,0,0,0,0,0,0,0,0,0,0,255,0,0,0,0,hZKYKE2Q1Z9Npy1rMPUbG2roTJCMrbtQEbaRhd0avUo=
415,Sickle,178,0,0,0,0,0,0,0,0,0,0,0,0,0,0,0,35,0,0,0,0,0,0,0,0,0,0,0,0,12,0,2,255,0,0,1,0,oPoPVnz7alWRuCJg6KoJudtSSILla0ffypYGkEZWeRU=
416,Talons,100,0,0,0,0,0,0,0,0,0,0,0,0,0,0,0,19,0,0,0,0,0,0,0,0,0,0,0,0,0,0,0,255,0,0,0,0,cEp4vmLLMcThirPzsHjHMHEJDNF5l7+MAF5gVrVpu4A=
417,Shriek,100,0,0,0,0,0,0,0,0,0,21,0,0,0,0,0,0,0,0,0,0,0,0,0,0,0,0,0,0,0,0,0,255,0,0,0,0,zejtSiCeoidO1K1zODvoIjSEQmASbwDG2MEJZMoojd8=
418,Bony Claw,100,0,0,0,0,0,0,0,0,0,0,0,0,0,0,0,20,0,0,0,0,0,0,0,0,0,0,0,0,0,0,0,255,0,0,0,0,61Ni+7lECRPO4Tr5ZLMwaDlSGa22c2WSBzJyRizSqMM=
419,Razor-Like Teeth,100,0,0,0,0,0,0,0,0,0,0,0,0,0,0,0,22,0,0,0,0,0,0,0,0,0,0,0,0,0,0,0,255,0,0,0,0,gCTtBOlCmpBc7JgAtss8Ca3MtvAKhBnUa++fppmpjxQ=
420,Claw,100,0,0,0,0,0,0,0,0,0,0,0,0,0,0,0,20,0,0,0,0,0,0,0,0,0,0,0,0,0,0,0,255,0,0,0,0,54ef++RlsBts/j36mWzVd6P1leBixUU7y+L9Hcifg1g=
421,Poisoned Tail,100,0,0,0,0,0,0,0,0,0,0,0,0,0,0,0,21,0,0,0,0,0,0,0,0,0,0,0,0,0,0,0,255,0,0,0,0,+YMBizQ6ko/oc1L+xTBaBhkECemm0gi9I9kN5MVC4wo=
422,Sword Of Demons,178,0,0,0,0,0,0,0,36,0,0,0,0,0,0,0,24,18,0,0,0,0,0,0,0,0,0,0,0,12,0,2,255,0,0,5,0,WetQUjR9iGOgJyiW8zznSQKp1q9ahtXHnxmbj4cGW0c=
423,Flaming Pitchfork,178,0,0,0,0,0,0,0,0,0,0,0,0,19,0,0,25,0,0,0,0,0,0,0,0,0,0,0,0,17,0,2,255,0,0,7,0,wGirnWqgB6rmVanZtVy91EqUiwYdKeeNWuzzm8PxpDU=
424,Bolt Of Lightning,100,0,0,0,0,0,0,0,0,0,0,23,0,0,0,0,0,0,0,0,0,0,0,0,0,0,0,0,0,0,0,0,255,0,0,0,0,7ADmZeUS6UGarhu6axZCtZxkm7CGkceBo5c267T1268=
425,Nature,100,0,0,0,0,0,0,18,0,0,0,18,18,18,18,18,17,17,0,0,0,0,0,0,0,0,0,0,0,0,0,0,255,0,0,0,0,JcdeKUoT6fq8pql0dplOZLEonYwe7pgKvVMCLWMdHtk=
426,Dripping Canines,100,0,0,0,0,0,0,0,0,0,0,0,0,0,0,0,22,0,0,0,0,0,0,0,0,0,0,0,0,0,0,0,255,0,0,0,0,6L7/2T6SRvVsqyDUL1dUSiKwucw0ALkDzfW0QEUupXs=
427,Fangs,100,0,0,0,0,0,0,0,0,0,0,0,0,0,0,0,22,0,0,0,0,0,0,0,0,0,0,0,0,0,0,0,255,0,0,0,0,fVVnTXhJEHWYkijCz/mdyMv2s+OiYeZOjnlXmK94FmY=
428,Claws,100,0,0,0,0,0,0,0,0,0,0,0,0,0,0,0,20,0,0,0,0,0,0,0,0,0,0,0,0,0,0,0,255,0,0,0,0,oJ7WkRFHbf26HcbIC7UnLrPvKSnMerkqLWbxzcjKBOk=
429,Baselard,178,0,0,0,0,0,0,0,0,0,0,0,0,0,0,0,36,0,0,0,0,0,0,0,0,0,0,0,0,7,0,1,255,0,0,1,0,93y4A4JtiUUXnJ5ApyX0ZKCJJ6l5PIHYOt6NTwHTkjY=
430,Falchion,178,0,0,0,0,0,0,0,0,0,0,0,0,0,0,0,25,0,0,0,0,0,0,0,0,0,0,0,0,9,0,1,255,0,0,3,0,ZKPtgla6SBuc6aSrMlX/WO2DFH8f/v7Gxh1eEOufHx4=
431,Jade Lance,178,0,0,0,0,0,0,24,0,0,0,0,0,0,0,0,26,0,0,0,0,0,0,0,0,0,0,0,0,12,0,2,255,0,0,3,0,6z75AH7+xaX2mC5mprBHYHJXV7IRaP0IYKw/MYVaKyo=
432,Daito,178,0,0,0,0,0,0,0,0,0,0,0,0,0,0,0,39,0,0,0,0,0,0,0,0,0,0,0,0,10,0,2,255,0,0,1,0,H2d2tgapdHWAKbvZHhcr3KMu9lbvE52Zj/kX5Gd5fq0=
433,Kusarikama,178,0,0,0,0,0,0,0,0,0,0,0,0,0,0,0,24,0,0,0,0,0,0,0,0,0,0,0,0,10,0,2,255,0,0,1,0,NXkWrU9Qfe/OxR4L5Dkn1+LlsZxtk4CBNJUK8WbOOaI=
434,Triple Irons,178,0,0,0,0,0,0,0,0,0,0,0,0,0,0,0,0,52,0,0,0,0,0,0,0,0,0,0,0,12,0,2,255,0,0,3,0,B2rch1hRDo4/fGbGomGdzawpW/pU/2FG4z+WKlGnDhQ=
435,Golden Spear,178,0,0,0,0,0,0,0,0,0,0,0,0,0,0,26,22,0,0,0,0,0,0,0,0,0,0,0,1,12,0,2,255,0,0,5,0,jsCl02e1z1eRn1mv4uLRjwt/cSeSC0H6Vmq49YvKqEo=
436,Trident,178,0,0,0,0,0,0,0,0,0,0,0,0,0,0,0,24,0,0,0,0,0,0,0,0,0,0,0,1,14,0,2,255,0,0,1,0,GV6guHppjETdvvPQ6AcF0aBFRWxx8eILaQs7Wrs+S98=
437,Glaive,178,0,0,0,0,0,0,0,0,0,0,0,0,0,0,0,37,0,0,0,0,0,0,0,0,0,0,0,0,8,0,2,255,0,0,3,0,KHBMzPqgSNNDAWeptya/aQ5HIcEDt7Gi/FdayQqTABI=
438,Bare Hand,100,0,0,0,0,0,0,0,0,0,0,0,0,0,0,0,0,20,0,0,0,0,0,0,0,0,0,0,0,0,0,0,255,0,0,0,0,2sttzz86r4JWG4XDfvaPRLO5ewPY+1NDzI/8pZ9Z8Pw=
439,Rapier,178,0,0,0,0,0,0,0,0,0,0,0,0,0,25,0,36,0,0,0,0,0,0,0,0,0,0,0,0,5,0,1,255,0,0,1,0,GUW3ivJ+4UJclPlNhQ3DO4IhqshUIw92ikCyqO3ZRZo=
440,War Scythe,178,80,0,0,0,0,0,0,0,0,0,0,0,0,0,0,42,0,0,0,0,0,0,0,0,0,0,0,1,19,0,2,255,0,0,0,0,SNX6oE+C0NX+CVWrBYz80RaYyGBXUbgEHgfOLc6sNYU=
441,Trident,178,0,0,0,0,0,0,0,0,0,0,0,0,0,0,0,24,0,0,0,0,0,0,0,0,0,0,0,0,19,0,2,255,0,0,1,0,+bEkgsvqXLVhkwaIxSGoIofnz48uPjAHGWkLnnjqjXs=
442,Sucking Tentacle,100,0,0,0,0,0,0,0,0,0,0,0,0,0,0,0,0,23,0,0,0,0,0,0,0,0,0,0,0,0,0,0,255,0,0,0,0,bYT6mklKh5EzPklrRIrDU+Hn/WZV8tYtQhYUfqleaLo=
443,Mind Blast,100,0,0,0,0,0,0,0,0,0,30,0,0,0,0,0,0,0,0,0,0,0,0,0,0,0,0,0,0,0,0,0,255,0,0,0,0,GnQRWSj9vyiSMd6d8l8HDVmaFyMdksyTy6StGlAvR0U=
444,Scorching Breath,100,0,0,0,0,0,0,0,0,0,0,0,0,38,0,0,0,0,0,0,0,0,0,0,0,0,0,0,0,0,0,0,255,0,0,0,0,+1Nq/fQHs86vSzLtup9bDcR1GCOCvPYOklBmIk5IeFs=
445,Teeth,100,0,0,0,0,0,0,0,0,0,0,0,0,0,0,0,26,19,0,0,0,0,0,0,0,0,0,0,0,0,0,0,255,0,0,0,0,4D9UxYUSn77kVwMRz5bscnftKl+K2PcSf3zTnHjAYF4=
446,Claw,100,0,0,0,0,0,0,0,0,0,0,0,0,0,0,0,36,18,0,0,0,0,0,0,0,0,0,0,0,0,0,0,255,0,0,0,0,BFJ+h+OsZyhmO47snaQAQvxjBcAVIpUPEqGcv3ejo7o=
447,Katana,178,0,0,0,0,0,0,0,0,0,0,0,0,0,0,0,37,0,0,0,0,0,0,0,0,0,0,0,0,7,0,2,255,0,0,2,0,Azm1mqGbVNOcdD1PZ0elBQLeCl1plZ57apspvsnfCBY=
448,Naginata,178,0,0,0,0,0,0,0,0,0,0,0,0,0,0,0,38,0,0,0,0,0,0,0,0,0,0,0,0,9,0,2,255,0,0,5,0,0RyhoL+vH4GwpEcu2NfI5OeoZZqsTUQZnRuR/UwjprM=
449,Nunchaku,178,0,0,0,0,0,0,0,0,0,0,0,0,0,0,0,0,37,0,0,0,0,0,0,0,0,0,0,0,7,0,2,255,0,0,2,0,UuQWcEP94DWmXvg/2XcTZ7gGX7AQz+A10ZAJ+vfJ7Wk=
450,Sawtoothed Club,178,0,0,0,0,0,0,0,0,0,0,0,0,0,0,0,22,26,0,0,0,0,0,0,0,0,0,0,0,9,0,1,255,0,0,1,0,o80KP47PaC2XovUCaPwY6R4FiclWM+WdfAp2AYNLArw=
451,Poisonous Fangs,100,0,0,0,0,0,0,0,0,0,0,0,22,0,0,0,25,0,0,0,0,0,0,0,0,0,0,0,0,0,0,0,255,0,0,0,0,O/BLh5pnIxHBSCvCCvNVhV0fGu4Ukd9V1scpWfOvTbU=
452,Dripping Fangs,100,0,0,0,0,0,0,0,0,0,0,0,22,0,0,0,25,0,0,0,0,0,0,0,0,0,0,0,0,0,0,0,255,0,0,0,0,ShNL2X7DACys8jQ5aQ+7+MV9x0VJCWrk4ulVuvQvTDE=
453,Kukri,178,0,0,0,0,0,0,0,0,0,0,0,0,0,0,0,23,0,0,0,0,0,0,0,0,0,0,0,0,5,0,1,255,0,0,1,0,9Ke0xEZyeqHhx00dARptc1MbG/qwR/tNdpCG0m3N84k=
454,Kukri,178,0,0,0,0,0,0,0,0,0,0,0,0,0,0,0,23,0,0,0,0,0,0,0,0,0,0,0,0,5,0,1,255,0,0,1,0,FQz2IOf1Kk3AtBVFY+czaLSKbliGyo4vEK2t+otEnRk=
455,Freezing Breath,100,0,0,0,0,0,0,58,0,0,0,0,0,0,0,0,0,0,0,0,0,0,0,0,0,0,0,0,0,0,0,0,255,0,0,0,0,NQQII+ACM+oD2+1aAV9cq2dwFkVCuASiLMSn9x3umlo=
456,Teeth,100,0,0,0,0,0,0,0,0,0,0,0,0,0,0,0,39,35,0,0,0,0,0,0,0,0,0,0,0,0,0,0,255,0,0,0,0,snFcuTxlfX5AWuqeOhC8uxJkdFWYyIIgI+bj6F75HK8=
457,Claw,100,0,0,0,0,0,0,0,0,0,0,0,0,0,0,0,38,34,0,0,0,0,0,0,0,0,0,0,0,0,0,0,255,0,0,0,0,Zj/GuqbhnJGn1aAv6ujG19L+SKR4ZLi8/K/V/UhaFi8=
458,Fiery Breath,100,0,0,0,0,0,0,0,0,0,0,0,0,79,0,0,0,0,0,0,0,0,0,0,0,0,0,0,0,0,0,0,255,0,0,0,0,9xfjUPv7Qh6l1Y1vhyHSS6EnXV/xvPkeIPIXzGPZQ0A=
459,Teeth,100,0,0,0,0,0,0,0,0,0,0,0,0,0,0,0,58,35,0,0,0,0,0,0,0,0,0,0,0,0,0,0,255,0,0,0,0,NLr5nuj5qzVghPD7KN5wERM/Soc9A9JeBrfEY0ORZlI=
460,Claw,100,0,0,0,0,0,0,0,0,0,0,0,0,0,0,0,52,51,0,0,0,0,0,0,0,0,0,0,0,0,0,0,255,0,0,0,0,VBnXeihLVHRrBvckdh6v0AOgWMrK3nIAzccHwEv9y/w=
461,Sceptre Of Evil,178,0,0,0,0,0,0,0,38,0,0,0,0,0,0,0,0,42,0,0,0,0,0,0,0,0,0,0,1,12,0,2,255,0,0,6,0,aYWxr9FPrcjWRIWuNBjmiSyaOearZdrfveOUfpJdZ+o=
462,Sceptre Of Evil,178,0,0,0,0,0,0,0,36,0,0,0,0,0,0,0,0,40,0,0,0,0,0,0,0,0,0,0,1,12,0,2,255,0,0,6,0,pSUiPYJ1RLTrDAfEv+TzhtqlzkrSJjYd0a0WpjHj+cU=
463,Ice Axe,178,0,0,0,0,0,0,128,0,0,0,0,0,0,0,0,28,14,0,0,0,0,0,0,0,0,0,0,1,15,0,2,255,0,0,5,0,gAy/ovDMPnPqFTY6UQOpG8eBWFmlilQEykN02X8djhE=
464,Stealer Of Souls,178,0,0,0,0,0,0,24,128,0,0,38,0,0,0,0,0,0,0,0,0,0,0,0,0,0,0,0,1,17,0,2,255,0,0,9,0,6JeEalT6xX2BpX3FkxELjCzOqt3COo0MT+F4VY4zmLM=
465,Silver Needle,178,0,0,0,0,0,0,0,0,24,24,0,0,0,0,0,39,0,0,0,0,0,0,0,0,0,0,0,0,0,0,1,255,0,0,3,0,MuxoIfkoHk5rmJlahp7IDewrKYMpo/zd7mlVp6J/f2E=
466,Noxious Fumes,100,0,0,0,0,0,0,0,0,0,0,0,0,0,0,0,0,24,0,0,0,0,0,0,0,0,0,0,0,0,0,0,255,0,0,99,0,KsXk3nEl567x1qetqmHYfv2KGQxLc9d8gWWYLzokK4M=
467,Burst of Spores,100,0,0,0,0,0,0,0,0,0,0,0,0,0,0,0,0,24,0,0,0,0,0,0,0,0,0,0,0,0,0,0,255,0,0,99,0,4UIXDVsEmIk2R+CBcqIWtf2BXmU4ht7YjVuIsFoh1h0=
468,Blade Attachment,100,0,0,0,0,0,0,0,0,0,0,0,0,0,0,88,0,0,0,0,0,0,0,0,0,0,0,0,0,28,0,0,255,0,0,99,0,yNfuX+3M3yuxx2Y/9+y9eLvdQZmSQlqdi39DLR/mpZg=
469,Lens Attachment,100,0,0,0,0,0,0,0,0,0,56,0,56,0,0,0,0,0,0,0,0,0,0,0,0,0,0,0,0,1,0,0,255,0,0,99,0,FQZsBcC/0F/psM93L0ijK9VzEa3k+s8MNSJJcD6T1Ck=
470,Nozzle Attachment,100,0,0,0,0,0,0,0,0,0,0,0,111,0,0,0,0,0,0,0,0,0,0,0,0,0,0,0,0,8,0,0,255,0,0,99,0,HiPJhFVTO01bf/GCILFZkTzdopvPsOPvtQpBydVPfVQ=